"height10","z","ci_low","ci_high","height_cm","sex","method"
14.4,-1.27225507131134,-1.80003258255558,-0.744477560067106,144,"Female","Absolute"
14.4245378151261,-1.25990374761265,-1.77211740025835,-0.747690094966947,144.245378151261,"Female","Absolute"
14.4490756302521,-1.24755203816753,-1.74422182964504,-0.750882246690014,144.490756302521,"Female","Absolute"
14.4736134453782,-1.23519955722955,-1.71635975824111,-0.754039356218003,144.736134453782,"Female","Absolute"
14.4981512605042,-1.2228459190523,-1.68854510026413,-0.75714673784048,144.981512605042,"Female","Absolute"
14.5226890756303,-1.21049073788934,-1.66079179912656,-0.760189676652125,145.226890756303,"Female","Absolute"
14.5472268907563,-1.19813362799425,-1.63311383029429,-0.763153425694218,145.472268907563,"Female","Absolute"
14.5717647058824,-1.18577420362061,-1.60552520454786,-0.76602320269335,145.717647058824,"Female","Absolute"
14.5963025210084,-1.17341207902197,-1.57803997169995,-0.768784186343995,145.963025210084,"Female","Absolute"
14.6208403361345,-1.16104686845193,-1.55067222482924,-0.771421512074622,146.208403361345,"Female","Absolute"
14.6453781512605,-1.14867818616405,-1.52343610509843,-0.773920267229669,146.453781512605,"Female","Absolute"
14.6699159663866,-1.1363056464119,-1.49634580723171,-0.776265485592095,146.699159663866,"Female","Absolute"
14.6944537815126,-1.12392886344907,-1.46941558573428,-0.778442141163852,146.944537815126,"Female","Absolute"
14.7189915966387,-1.11154745152911,-1.44265976194322,-0.780435141115012,147.189915966387,"Female","Absolute"
14.7435294117647,-1.09916102490562,-1.41609273200365,-0.782229317807587,147.435294117647,"Female","Absolute"
14.7680672268908,-1.08676919783215,-1.38972897586548,-0.783809419798833,147.680672268908,"Female","Absolute"
14.7926050420168,-1.07437158456229,-1.36358306739117,-0.785160101733421,147.926050420168,"Female","Absolute"
14.8171428571429,-1.06196779934961,-1.33766968565125,-0.786265913047981,148.171428571429,"Female","Absolute"
14.8416806722689,-1.04955745644768,-1.31200362745487,-0.787111285440498,148.416806722689,"Female","Absolute"
14.866218487395,-1.03714017011008,-1.28659982111143,-0.787680519108723,148.66218487395,"Female","Absolute"
14.890756302521,-1.02471555459037,-1.2614733413332,-0.787957767847543,148.90756302521,"Female","Absolute"
14.9152941176471,-1.01228322414214,-1.23663942505275,-0.787927023231522,149.152941176471,"Female","Absolute"
14.9398319327731,-0.999842793018947,-1.21211348771909,-0.787572098318809,149.398319327731,"Female","Absolute"
14.9643697478992,-0.987393875474378,-1.18791113931996,-0.786876611628799,149.643697478992,"Female","Absolute"
14.9889075630252,-0.974936085762003,-1.16404819891086,-0.785823972613149,149.889075630252,"Female","Absolute"
15.0134453781513,-0.962469038135394,-1.14054070575288,-0.78439737051791,150.134453781513,"Female","Absolute"
15.0379831932773,-0.949992346848126,-1.11740492419467,-0.782579769501583,150.379831932773,"Female","Absolute"
15.0625210084034,-0.937505626153772,-1.09465733808229,-0.780353914225252,150.625210084034,"Female","Absolute"
15.0870588235294,-0.925008490305905,-1.07231462863756,-0.777702351974245,150.870588235294,"Female","Absolute"
15.1115966386555,-0.9125005535581,-1.05039362730964,-0.774607479806563,151.115966386555,"Female","Absolute"
15.1361344537815,-0.89998143016393,-1.02891123202408,-0.771051628303776,151.361344537815,"Female","Absolute"
15.1606722689076,-0.887450734376968,-1.00788427160702,-0.767017197146915,151.606722689076,"Female","Absolute"
15.1852100840336,-0.874908080450789,-0.987329299299341,-0.762486861602236,151.852100840336,"Female","Absolute"
15.2097478991597,-0.862353082638965,-0.967262293041309,-0.757443872236621,152.097478991597,"Female","Absolute"
15.2342857142857,-0.84978535519507,-0.947698239226301,-0.751872471163839,152.342857142857,"Female","Absolute"
15.2588235294118,-0.837204512372679,-0.928650580588959,-0.745758444156399,152.588235294118,"Female","Absolute"
15.2833613445378,-0.824610168425364,-0.910130521640296,-0.739089815210432,152.833613445378,"Female","Absolute"
15.3078991596639,-0.8120019376067,-0.892146211006168,-0.731857664207233,153.078991596639,"Female","Absolute"
15.3324369747899,-0.79937943417026,-0.874701862428149,-0.72405700591237,153.324369747899,"Female","Absolute"
15.356974789916,-0.786742272369616,-0.857796933879474,-0.715687610859759,153.56974789916,"Female","Absolute"
15.381512605042,-0.774089990828001,-0.841425296764986,-0.706754684891016,153.81512605042,"Female","Absolute"
15.4060504201681,-0.76141759034804,-0.825560651440085,-0.697274529255995,154.060504201681,"Female","Absolute"
15.4305882352941,-0.748713038110425,-0.810150530738426,-0.687275545482424,154.305882352941,"Female","Absolute"
15.4551260504202,-0.735963696253099,-0.79513945160021,-0.676787940905989,154.551260504202,"Female","Absolute"
15.4796638655462,-0.723156926914009,-0.780471939883619,-0.665841913944399,154.796638655462,"Female","Absolute"
15.5042016806723,-0.710280092231096,-0.766093580591662,-0.65446660387053,155.042016806723,"Female","Absolute"
15.5287394957983,-0.697320554342305,-0.751952004391798,-0.642689104292813,155.287394957983,"Female","Absolute"
15.5532773109244,-0.684265675385581,-0.737997689193393,-0.630533661577769,155.532773109244,"Female","Absolute"
15.5778151260504,-0.671102817498867,-0.724184493686141,-0.618021141311593,155.778151260504,"Female","Absolute"
15.6023529411765,-0.657819342820108,-0.71046988951177,-0.605168796128447,156.023529411765,"Female","Absolute"
15.6268907563025,-0.644402613487249,-0.696814906250782,-0.591990320723715,156.268907563025,"Female","Absolute"
15.6514285714286,-0.630839991638232,-0.683183838883414,-0.578496144393051,156.514285714286,"Female","Absolute"
15.6759663865546,-0.617118839411003,-0.669543787027251,-0.564693891794754,156.759663865546,"Female","Absolute"
15.7005042016807,-0.603226518943504,-0.655864100208731,-0.550588937678277,157.005042016807,"Female","Absolute"
15.7250420168067,-0.589150392373682,-0.642115797508513,-0.53618498723885,157.250420168067,"Female","Absolute"
15.7495798319328,-0.574877821839479,-0.62827101754557,-0.521484626133388,157.495798319328,"Female","Absolute"
15.7741176470588,-0.560396169478839,-0.614302539721689,-0.506489799235989,157.741176470588,"Female","Absolute"
15.7986554621849,-0.545692797429709,-0.600183402680359,-0.491202192179059,157.986554621849,"Female","Absolute"
15.8231932773109,-0.53075506783003,-0.58588663278641,-0.475623502873649,158.231932773109,"Female","Absolute"
15.847731092437,-0.515570342817746,-0.571385085061499,-0.459755600573993,158.47731092437,"Female","Absolute"
15.872268907563,-0.500125984530804,-0.556651391794201,-0.443600577267407,158.72268907563,"Female","Absolute"
15.8968067226891,-0.484409355107146,-0.541658009948696,-0.427160700265597,158.968067226891,"Female","Absolute"
15.9213445378151,-0.468407816684717,-0.52637735720847,-0.410438276160964,159.213445378151,"Female","Absolute"
15.9458823529412,-0.452108731401462,-0.510782027531177,-0.393435435271746,159.458823529412,"Female","Absolute"
15.9704201680672,-0.435499461395323,-0.494845079916868,-0.376153842873778,159.704201680672,"Female","Absolute"
15.9949579831933,-0.418567368804245,-0.478540398185132,-0.358594339423357,159.949579831933,"Female","Absolute"
16.0194957983193,-0.40129981576617,-0.46184312447075,-0.340756507061591,160.194957983193,"Female","Absolute"
16.0440336134454,-0.383684164419048,-0.444730174512977,-0.32263815432512,160.440336134454,"Female","Absolute"
16.0685714285714,-0.36570777690082,-0.427180848290442,-0.304234705511198,160.685714285714,"Female","Absolute"
16.0931092436975,-0.347358015349427,-0.409177554718691,-0.285538475980162,160.931092436975,"Female","Absolute"
16.1176470588235,-0.328622241902818,-0.390706673282416,-0.26653781052322,161.176470588235,"Female","Absolute"
16.1421848739496,-0.309487818698933,-0.371759577349388,-0.247216060048477,161.421848739496,"Female","Absolute"
16.1667226890756,-0.28994210787572,-0.352333841238757,-0.227550374512683,161.667226890756,"Female","Absolute"
16.1912605042017,-0.269972471571122,-0.332434642080207,-0.207510301062037,161.912605042017,"Female","Absolute"
16.2157983193277,-0.24956627192308,-0.312076342227867,-0.187056201618292,162.157983193277,"Female","Absolute"
16.2403361344538,-0.228710871069543,-0.291284190504751,-0.166137551634336,162.403361344538,"Female","Absolute"
16.2648739495798,-0.20739363114845,-0.270096002259954,-0.144691260036947,162.648739495798,"Female","Absolute"
16.2894117647059,-0.185601914297751,-0.248563564815512,-0.12264026377999,162.894117647059,"Female","Absolute"
16.3139495798319,-0.163323082655384,-0.22675337680074,-0.0998927885100281,163.139495798319,"Female","Absolute"
16.338487394958,-0.1405444983593,-0.204746208128437,-0.0763427885901624,163.38487394958,"Female","Absolute"
16.363025210084,-0.117254790780552,-0.182637090404581,-0.0518724911565227,163.63025210084,"Female","Absolute"
16.3875630252101,-0.0934573208751322,-0.160550954092496,-0.0263636876577685,163.875630252101,"Female","Absolute"
16.4121008403361,-0.0691649538473916,-0.138617467979827,0.000287560285044355,164.121008403361,"Female","Absolute"
16.4366386554622,-0.0443907133058047,-0.116943838085342,0.0281624114737328,164.366386554622,"Female","Absolute"
16.4611764705882,-0.0191476228588611,-0.0956085284257236,0.0573132827080013,164.611764705882,"Female","Absolute"
16.4857142857143,0.00655129388496406,-0.0746596301634952,0.0877622179334233,164.857142857143,"Female","Absolute"
16.5102521008403,0.0326930133171816,-0.0541175243326217,0.119503550966985,165.102521008403,"Female","Absolute"
16.5347899159664,0.0592645118293127,-0.0339804660467019,0.152509489705327,165.347899159664,"Female","Absolute"
16.5593277310924,0.0862527658128793,-0.0142312347745217,0.18673676640028,165.593277310924,"Female","Absolute"
16.5838655462185,0.113644751659391,0.00515667438645208,0.222132828932329,165.838655462185,"Female","Absolute"
16.6084033613445,0.141427445760374,0.0242141462810083,0.258640745239739,166.084033613445,"Female","Absolute"
16.6329411764706,0.169587824507337,0.0429730240152564,0.296202624999418,166.329411764706,"Female","Absolute"
16.6574789915966,0.198112864291807,0.0614639873771979,0.334761741206416,166.574789915966,"Female","Absolute"
16.6820168067227,0.226989541505293,0.0797154079243574,0.374263675086228,166.820168067227,"Female","Absolute"
16.7065546218487,0.256204832539317,0.0977528617132003,0.414656803365433,167.065546218487,"Female","Absolute"
16.7310924369748,0.285745713785401,0.115599045688231,0.455892381882571,167.310924369748,"Female","Absolute"
16.7556302521008,0.315599161635054,0.133273918778983,0.497924404491126,167.556302521008,"Female","Absolute"
16.7801680672269,0.345752152479803,0.150794951902783,0.540709353056824,167.801680672269,"Female","Absolute"
16.8047058823529,0.376191662711157,0.168177417038818,0.584205908383496,168.047058823529,"Female","Absolute"
16.829243697479,0.406904668720642,0.185434676184982,0.628374661256302,168.29243697479,"Female","Absolute"
16.853781512605,0.437878146899767,0.202578450196357,0.673177843603178,168.53781512605,"Female","Absolute"
16.8783193277311,0.469099073640056,0.219619058898876,0.718579088381235,168.783193277311,"Female","Absolute"
16.9028571428571,0.500554425333027,0.236565630281083,0.764543220384971,169.028571428571,"Female","Absolute"
16.9273949579832,0.532231178370193,0.253426279929677,0.811036076810709,169.273949579832,"Female","Absolute"
16.9519327731092,0.56411630914308,0.270208263447669,0.85802435483849,169.519327731092,"Female","Absolute"
16.9764705882353,0.596196794043194,0.286918105158723,0.905475482927665,169.764705882353,"Female","Absolute"
17.0010084033613,0.628459609462065,0.303561706427588,0.953357512496542,170.010084033613,"Female","Absolute"
17.0255462184874,0.6608917317912,0.320144436687983,1.00163902689442,170.255462184874,"Female","Absolute"
17.0500840336134,0.693480137422122,0.336671209921162,1.05028906492308,170.500840336134,"Female","Absolute"
17.0746218487395,0.726211802746353,0.353146548953757,1.09927705653895,170.746218487395,"Female","Absolute"
17.0991596638655,0.759073704155402,0.369574639585539,1.14857276872526,170.991596638655,"Female","Absolute"
17.1236974789916,0.792052818040796,0.385959376235158,1.19814625984643,171.236974789916,"Female","Absolute"
17.1482352941176,0.825136120794042,0.402304400511292,1.24796784107679,171.482352941176,"Female","Absolute"
17.1727731092437,0.858310588806669,0.418613133877891,1.29800804373545,171.727731092437,"Female","Absolute"
17.1973109243697,0.891563198470185,0.434888805381493,1.34823759155888,171.973109243697,"Female","Absolute"
17.2218487394958,0.924880926176112,0.451134475241792,1.39862737711043,172.218487394958,"Female","Absolute"
17.2463865546218,0.958250748315972,0.46735305496843,1.44914844166351,172.463865546218,"Female","Absolute"
17.2709243697479,0.991659641281275,0.483547324553077,1.49977195800947,172.709243697479,"Female","Absolute"
17.295462184874,1.02509458146355,0.499719947192102,1.55046921573499,172.95462184874,"Female","Absolute"
17.32,1.0585425452543,0.515873481917839,1.60121160859075,173.2,"Female","Absolute"
14.4,-0.988065605535294,-1.47529294412893,-0.500838266941662,144,"Female","BMI"
14.4245378151261,-0.98228253283314,-1.45501823841005,-0.509546827256228,144.245378151261,"Female","BMI"
14.4490756302521,-0.976492501930866,-1.43475588715675,-0.51822911670498,144.490756302521,"Female","BMI"
14.4736134453782,-0.970688554628351,-1.41451242275768,-0.526864686499022,144.736134453782,"Female","BMI"
14.4981512605042,-0.964863732725475,-1.39429440474306,-0.535433060707888,144.981512605042,"Female","BMI"
14.5226890756303,-0.959011078022116,-1.37410842232506,-0.543913733719171,145.226890756303,"Female","BMI"
14.5472268907563,-0.953123632318155,-1.35396109730092,-0.552286167335392,145.472268907563,"Female","BMI"
14.5717647058824,-0.94719443741347,-1.3338590873666,-0.56052978746034,145.717647058824,"Female","BMI"
14.5963025210084,-0.941216535107942,-1.3138090898952,-0.568623980320685,145.963025210084,"Female","BMI"
14.6208403361345,-0.935182967201449,-1.29381784624117,-0.576548088161726,146.208403361345,"Female","BMI"
14.6453781512605,-0.929086775493872,-1.27389214663885,-0.584281404348895,146.453781512605,"Female","BMI"
14.6699159663866,-0.92292100178509,-1.25403883577097,-0.591803167799215,146.699159663866,"Female","BMI"
14.6944537815126,-0.916678687874982,-1.23426481908997,-0.599092556659998,146.944537815126,"Female","BMI"
14.7189915966387,-0.910352875563428,-1.21457706998073,-0.606128681146128,147.189915966387,"Female","BMI"
14.7435294117647,-0.903936606650307,-1.1949826378568,-0.612890575443817,147.435294117647,"Female","BMI"
14.7680672268908,-0.897422922935499,-1.1754886572817,-0.619357188589299,147.680672268908,"Female","BMI"
14.7926050420168,-0.890804866218882,-1.15610235819931,-0.625507374238451,147.926050420168,"Female","BMI"
14.8171428571429,-0.884075478300339,-1.13683107733879,-0.631319879261888,148.171428571429,"Female","BMI"
14.8416806722689,-0.877227800979745,-1.11768227082377,-0.636773331135721,148.416806722689,"Female","BMI"
14.866218487395,-0.870254876056982,-1.0986635279542,-0.641846224159767,148.66218487395,"Female","BMI"
14.890756302521,-0.863149745331929,-1.07978258602838,-0.646516904635483,148.90756302521,"Female","BMI"
14.9152941176471,-0.855905450604467,-1.06104734591536,-0.650763555293568,149.152941176471,"Female","BMI"
14.9398319327731,-0.848515033674472,-1.04246588784679,-0.654564179502158,149.398319327731,"Female","BMI"
14.9643697478992,-0.840971536341827,-1.0240464865365,-0.657896586147151,149.643697478992,"Female","BMI"
14.9889075630252,-0.83326800040641,-1.00579762420682,-0.660738376606002,149.889075630252,"Female","BMI"
15.0134453781513,-0.8253974676681,-0.987727999334909,-0.663066936001291,150.134453781513,"Female","BMI"
15.0379831932773,-0.817352979926777,-0.969846527848798,-0.664859432004756,150.379831932773,"Female","BMI"
15.0625210084034,-0.80912757898232,-0.952162331997525,-0.666092825967116,150.625210084034,"Female","BMI"
15.0870588235294,-0.80071430663461,-0.934684710087165,-0.666743903182054,150.870588235294,"Female","BMI"
15.1115966386555,-0.792106204683524,-0.917423077623046,-0.666789331744003,151.115966386555,"Female","BMI"
15.1361344537815,-0.783296314928945,-0.900386867112165,-0.666205762745725,151.361344537815,"Female","BMI"
15.1606722689076,-0.774277679170749,-0.883585370015986,-0.664969988325512,151.606722689076,"Female","BMI"
15.1852100840336,-0.765043339208817,-0.867027500605394,-0.663059177812239,151.852100840336,"Female","BMI"
15.2097478991597,-0.755586336843028,-0.850721458854829,-0.660451214831226,152.097478991597,"Female","BMI"
15.2342857142857,-0.745899713873261,-0.834674270020247,-0.657125157726276,152.342857142857,"Female","BMI"
15.2588235294118,-0.735976512099398,-0.818891185311624,-0.653061838887171,152.588235294118,"Female","BMI"
15.2833613445378,-0.725809773321316,-0.803374945255436,-0.648244601387196,152.833613445378,"Female","BMI"
15.3078991596639,-0.715392539338896,-0.788124939175248,-0.642660139502544,153.078991596639,"Female","BMI"
15.3324369747899,-0.704717851952016,-0.773136342660028,-0.636299361244003,153.324369747899,"Female","BMI"
15.356974789916,-0.693778752960556,-0.758399375832842,-0.629158130088269,153.56974789916,"Female","BMI"
15.381512605042,-0.68256834625427,-0.743898789698202,-0.621237902810338,153.81512605042,"Female","BMI"
15.4060504201681,-0.671083461115378,-0.729608723413125,-0.61255819881763,154.060504201681,"Female","BMI"
15.4305882352941,-0.65932670118442,-0.715492127520193,-0.603161274848646,154.305882352941,"Female","BMI"
15.4551260504202,-0.647301166820933,-0.701510855828439,-0.593091477813427,154.551260504202,"Female","BMI"
15.4796638655462,-0.635009958384454,-0.687627538269181,-0.582392378499727,154.796638655462,"Female","BMI"
15.5042016806723,-0.622456176234518,-0.67380664233386,-0.571105710135176,155.042016806723,"Female","BMI"
15.5287394957983,-0.609642920730661,-0.660015385745259,-0.559270455716062,155.287394957983,"Female","BMI"
15.5532773109244,-0.596573292232421,-0.646224393747886,-0.546922190716955,155.532773109244,"Female","BMI"
15.5778151260504,-0.583250391099333,-0.632408043640548,-0.534092738558117,155.778151260504,"Female","BMI"
15.6023529411765,-0.569677317690934,-0.618544491997414,-0.520810143384454,156.023529411765,"Female","BMI"
15.6268907563025,-0.555857172366761,-0.604615423842037,-0.507098920891484,156.268907563025,"Female","BMI"
15.6514285714286,-0.541793055486349,-0.590605591224565,-0.492980519748134,156.514285714286,"Female","BMI"
15.6759663865546,-0.527488067409235,-0.576502220472153,-0.478473914346318,156.759663865546,"Female","BMI"
15.7005042016807,-0.512945308494955,-0.562294365857174,-0.463596251132737,157.005042016807,"Female","BMI"
15.7250420168067,-0.498167879103046,-0.547972276941436,-0.448363481264656,157.250420168067,"Female","BMI"
15.7495798319328,-0.483158879593044,-0.533526831563693,-0.432790927622395,157.495798319328,"Female","BMI"
15.7741176470588,-0.467921410324485,-0.518949069614731,-0.416893751034239,157.741176470588,"Female","BMI"
15.7986554621849,-0.452458571656907,-0.504229846719844,-0.40068729659397,157.986554621849,"Female","BMI"
15.8231932773109,-0.436773463949844,-0.489359613264821,-0.384187314634867,158.231932773109,"Female","BMI"
15.847731092437,-0.420869187562833,-0.474328313761474,-0.367410061364192,158.47731092437,"Female","BMI"
15.872268907563,-0.404748842855411,-0.459125394708792,-0.35037229100203,158.72268907563,"Female","BMI"
15.8968067226891,-0.388415530187114,-0.443739905755993,-0.333091154618235,158.968067226891,"Female","BMI"
15.9213445378151,-0.371872349917478,-0.428160678642606,-0.31558402119235,159.213445378151,"Female","BMI"
15.9458823529412,-0.355122402406042,-0.412376570387682,-0.297868234424402,159.458823529412,"Female","BMI"
15.9704201680672,-0.338168788012338,-0.396376760767198,-0.279960815257478,159.704201680672,"Female","BMI"
15.9949579831933,-0.321014607095905,-0.380151098557277,-0.261878115634533,159.949579831933,"Female","BMI"
16.0194957983193,-0.303662960016277,-0.36369049576646,-0.243635424266094,160.194957983193,"Female","BMI"
16.0440336134454,-0.286116947132995,-0.346987373717736,-0.225246520548254,160.440336134454,"Female","BMI"
16.0685714285714,-0.268379668805593,-0.330036169062019,-0.206723168549167,160.685714285714,"Female","BMI"
16.0931092436975,-0.250454225393603,-0.312833911323313,-0.188074539463894,160.931092436975,"Female","BMI"
16.1176470588235,-0.232343717256569,-0.295380886003944,-0.169306548509194,161.176470588235,"Female","BMI"
16.1421848739496,-0.214051244754021,-0.277681397969601,-0.150421091538441,161.421848739496,"Female","BMI"
16.1667226890756,-0.1955799082455,-0.259744647693177,-0.131415168797822,161.667226890756,"Female","BMI"
16.1912605042017,-0.17693280809054,-0.241585726213677,-0.112279889967403,161.912605042017,"Female","BMI"
16.2157983193277,-0.158113044648675,-0.223226720800855,-0.0929993684964952,162.157983193277,"Female","BMI"
16.2403361344538,-0.139123718279447,-0.204697898986988,-0.0735495375719063,162.403361344538,"Female","BMI"
16.2648739495798,-0.119967929342387,-0.186038900349243,-0.0538969583355308,162.648739495798,"Female","BMI"
16.2894117647059,-0.100648778197035,-0.167299811222865,-0.0339977451712064,162.894117647059,"Female","BMI"
16.3139495798319,-0.0811693652029246,-0.148541930286231,-0.0137968001196188,163.139495798319,"Female","BMI"
16.338487394958,-0.0615327907195958,-0.129837965557524,0.00677238411833263,163.38487394958,"Female","BMI"
16.363025210084,-0.0417421925130544,-0.111272287099695,0.0277879020735862,163.63025210084,"Female","BMI"
16.3875630252101,-0.0218011431995358,-0.0929465871137952,0.0493443007147236,163.875630252101,"Female","BMI"
16.4121008403361,-0.00171349594382202,-0.07496477639262,0.071537784504976,164.121008403361,"Female","BMI"
16.4366386554622,0.0185168914135092,-0.0574181734586243,0.0944519562856427,164.366386554622,"Female","BMI"
16.4611764705882,0.0388861610318678,-0.0403803251758978,0.118152647239633,164.611764705882,"Female","BMI"
16.4857142857143,0.0593904550706752,-0.0239039713926429,0.142684881533993,164.857142857143,"Female","BMI"
16.5102521008403,0.0800259156893417,-0.00802052955889686,0.16807236093758,165.102521008403,"Female","BMI"
16.5347899159664,0.100788685047286,0.00725808748794247,0.194319282606629,165.347899159664,"Female","BMI"
16.5593277310924,0.121674905303927,0.0219360534802396,0.221413757127614,165.593277310924,"Female","BMI"
16.5838655462185,0.142680718618674,0.0360295386045581,0.249331898632789,165.838655462185,"Female","BMI"
16.6084033613445,0.163802267150949,0.049562740580567,0.278041793721331,166.084033613445,"Female","BMI"
16.6329411764706,0.185035693060162,0.062564528368982,0.307506857751342,166.329411764706,"Female","BMI"
16.6574789915966,0.206377138505735,0.0750658878095561,0.337688389201915,166.574789915966,"Female","BMI"
16.6820168067227,0.227822745647078,0.0870981463480515,0.368547344946105,166.820168067227,"Female","BMI"
16.7065546218487,0.249368656643609,0.0986918457702581,0.40004546751696,167.065546218487,"Female","BMI"
16.7310924369748,0.271011013654748,0.109876101188307,0.432145926121189,167.310924369748,"Female","BMI"
16.7556302521008,0.292745958839904,0.120678297294363,0.464813620385444,167.556302521008,"Female","BMI"
16.7801680672269,0.314569634358499,0.131124002951858,0.498015265765139,167.801680672269,"Female","BMI"
16.8047058823529,0.336478182369942,0.141237017340685,0.531719347399198,168.047058823529,"Female","BMI"
16.829243697479,0.358467745033656,0.151039488320586,0.565896001746727,168.29243697479,"Female","BMI"
16.853781512605,0.380534464509051,0.160552064566137,0.600516864451965,168.53781512605,"Female","BMI"
16.8783193277311,0.402674482955545,0.169794057816797,0.635554908094292,168.783193277311,"Female","BMI"
16.9028571428571,0.424883942532557,0.178783601529812,0.670984283535302,169.028571428571,"Female","BMI"
16.9273949579832,0.447158985399497,0.18753779863767,0.706780172161323,169.273949579832,"Female","BMI"
16.9519327731092,0.469495753715787,0.196072855092217,0.742918652339357,169.519327731092,"Female","BMI"
16.9764705882353,0.491890389640836,0.204404198246265,0.779376581035406,169.764705882353,"Female","BMI"
17.0010084033613,0.514339035334067,0.212546580458859,0.816131490209274,170.010084033613,"Female","BMI"
17.0255462184874,0.536837832954889,0.220514169001463,0.853161496908314,170.255462184874,"Female","BMI"
17.0500840336134,0.55938292466272,0.228320623644709,0.890445225680732,170.500840336134,"Female","BMI"
17.0746218487395,0.581970452616982,0.235979163381133,0.927961741852831,170.746218487395,"Female","BMI"
17.0991596638655,0.604596558977081,0.243502623690453,0.965690494263709,170.991596638655,"Female","BMI"
17.1236974789916,0.627257385902442,0.250903505642176,1.00361126616271,171.236974789916,"Female","BMI"
17.1482352941176,0.649949075552472,0.258194017992379,1.04170413311257,171.482352941176,"Female","BMI"
17.1727731092437,0.672667770086595,0.265386113288661,1.07994942688453,171.727731092437,"Female","BMI"
17.1973109243697,0.69540961166422,0.272491518860504,1.11832770446794,171.973109243697,"Female","BMI"
17.2218487394958,0.718170742444765,0.279521763447572,1.15681972144196,172.218487394958,"Female","BMI"
17.2463865546218,0.740947304587651,0.286488200107616,1.19540640906769,172.463865546218,"Female","BMI"
17.2709243697479,0.763735440252286,0.293402025949078,1.23406885455549,172.709243697479,"Female","BMI"
17.295462184874,0.786531291598092,0.300274299150344,1.27278828404584,172.95462184874,"Female","BMI"
17.32,0.80933100078448,0.307115953656561,1.3115460479124,173.2,"Female","BMI"
14.4,-0.122573551078758,-0.726274161631089,0.481127059473572,144,"Female","Height2"
14.4245378151261,-0.125379647912166,-0.711426599256267,0.460667303431934,144.245378151261,"Female","Height2"
14.4490756302521,-0.128189659122804,-0.696604396134006,0.440225077888399,144.490756302521,"Female","Height2"
14.4736134453782,-0.1310074990879,-0.681827264926789,0.41981226675099,144.736134453782,"Female","Height2"
14.4981512605042,-0.133837082184684,-0.667114942606828,0.399440778237461,144.981512605042,"Female","Height2"
14.5226890756303,-0.136682322790386,-0.652487192616308,0.379122547035536,145.226890756303,"Female","Height2"
14.5472268907563,-0.139547135282235,-0.637963807323545,0.358869536759076,145.472268907563,"Female","Height2"
14.5717647058824,-0.14243543403746,-0.623564610811967,0.338693742737047,145.717647058824,"Female","Height2"
14.5963025210084,-0.145351133433291,-0.609309462043469,0.318607195176887,145.963025210084,"Female","Height2"
14.6208403361345,-0.148298147846957,-0.59521825844265,0.298621962748737,146.208403361345,"Female","Height2"
14.6453781512605,-0.151280391655688,-0.581310939953522,0.278750156642147,146.453781512605,"Female","Height2"
14.6699159663866,-0.154301779236712,-0.567607493625331,0.259003935151907,146.699159663866,"Female","Height2"
14.6944537815126,-0.15736622496726,-0.554127958788748,0.239395508854228,146.944537815126,"Female","Height2"
14.7189915966387,-0.160477643224561,-0.540892432887281,0.219937146438159,147.189915966387,"Female","Height2"
14.7435294117647,-0.163639948385844,-0.527921078030447,0.200641181258758,147.435294117647,"Female","Height2"
14.7680672268908,-0.166857054828339,-0.515234128333678,0.181520018677001,147.680672268908,"Female","Height2"
14.7926050420168,-0.170132876929274,-0.502851898103136,0.162586144244588,147.926050420168,"Female","Height2"
14.8171428571429,-0.17347132906588,-0.490794790908518,0.143852132776758,148.171428571429,"Female","Height2"
14.8416806722689,-0.176876325615386,-0.479083309559397,0.125330658328626,148.416806722689,"Female","Height2"
14.866218487395,-0.18035178095502,-0.467738066954272,0.107034505044231,148.66218487395,"Female","Height2"
14.890756302521,-0.183901609462014,-0.456779797697307,0.0889765787732798,148.90756302521,"Female","Height2"
14.9152941176471,-0.187529725513595,-0.446229370263116,0.0711699192359254,149.152941176471,"Female","Height2"
14.9398319327731,-0.191240043486994,-0.436107799316436,0.053627712342449,149.398319327731,"Female","Height2"
14.9643697478992,-0.195036477759439,-0.426436257536307,0.0363633020174287,149.643697478992,"Female","Height2"
14.9889075630252,-0.19892294270816,-0.417236085918187,0.0193902005018667,149.889075630252,"Female","Height2"
15.0134453781513,-0.202903352710387,-0.408528800985815,0.00272209556504008,150.134453781513,"Female","Height2"
15.0379831932773,-0.206981622143349,-0.400336096575558,-0.0136271477111407,150.379831932773,"Female","Height2"
15.0625210084034,-0.211161665384276,-0.392679836782186,-0.0296434939863658,150.625210084034,"Female","Height2"
15.0870588235294,-0.215447396810396,-0.385582035184729,-0.0453127584360624,150.870588235294,"Female","Height2"
15.1115966386555,-0.219842730798939,-0.379064813508651,-0.0606206480892266,151.115966386555,"Female","Height2"
15.1361344537815,-0.224351581727134,-0.373150330350296,-0.0755528331039719,151.361344537815,"Female","Height2"
15.1606722689076,-0.228977863972212,-0.367860667487645,-0.0900950604567785,151.606722689076,"Female","Height2"
15.1852100840336,-0.233725491911401,-0.36321765779049,-0.104233326032311,151.852100840336,"Female","Height2"
15.2097478991597,-0.23859837992193,-0.359242635311561,-0.1179541245323,152.097478991597,"Female","Height2"
15.2342857142857,-0.24360044238103,-0.355956085837674,-0.131244798924386,152.342857142857,"Female","Height2"
15.2588235294118,-0.248735593665929,-0.353377176912423,-0.144094010419435,152.588235294118,"Female","Height2"
15.2833613445378,-0.254007748153857,-0.351523153126058,-0.156492343181657,152.833613445378,"Female","Height2"
15.3078991596639,-0.259420820222043,-0.350408599398546,-0.16843304104554,153.078991596639,"Female","Height2"
15.3324369747899,-0.264978724247717,-0.35004460645987,-0.179912842035564,153.324369747899,"Female","Height2"
15.356974789916,-0.270685374608109,-0.350437921391904,-0.190932827824313,153.56974789916,"Female","Height2"
15.381512605042,-0.276544615961924,-0.351589968213478,-0.201499263710369,153.81512605042,"Female","Height2"
15.4060504201681,-0.282556109856507,-0.353481421224917,-0.211630798488096,154.060504201681,"Female","Height2"
15.4305882352941,-0.288713034016591,-0.356065715188504,-0.221360352844679,154.305882352941,"Female","Height2"
15.4551260504202,-0.295008008418729,-0.359292907163727,-0.230723109673731,154.551260504202,"Female","Height2"
15.4796638655462,-0.301433653039469,-0.363112588391312,-0.239754717687626,154.796638655462,"Female","Height2"
15.5042016806723,-0.307982587855366,-0.36747481834672,-0.248490357364012,155.042016806723,"Female","Height2"
15.5287394957983,-0.314647432842969,-0.372331106243527,-0.256963759442412,155.287394957983,"Female","Height2"
15.5532773109244,-0.321420807978831,-0.377635319297162,-0.2652062966605,155.532773109244,"Female","Height2"
15.5778151260504,-0.328295333239502,-0.383344407367109,-0.273246259111896,155.778151260504,"Female","Height2"
15.6023529411765,-0.335263628601535,-0.389418865528832,-0.281108391674237,156.023529411765,"Female","Height2"
15.6268907563025,-0.342318314041479,-0.395822899915607,-0.288813728167351,156.268907563025,"Female","Height2"
15.6514285714286,-0.349452009535887,-0.402524306380223,-0.296379712691551,156.514285714286,"Female","Height2"
15.6759663865546,-0.35665733506131,-0.409494107157127,-0.303820562965494,156.759663865546,"Female","Height2"
15.7005042016807,-0.3639269105943,-0.416706013158694,-0.311147808029907,157.005042016807,"Female","Height2"
15.7250420168067,-0.371253356111408,-0.424135788356994,-0.318370923865823,157.250420168067,"Female","Height2"
15.7495798319328,-0.378629291589185,-0.431760590100187,-0.325497993078184,157.495798319328,"Female","Height2"
15.7741176470588,-0.386047337004183,-0.439558348529847,-0.33253632547852,157.741176470588,"Female","Height2"
15.7986554621849,-0.393500112332953,-0.447507232921685,-0.33949299174422,157.986554621849,"Female","Height2"
15.8231932773109,-0.400980237552046,-0.455585235774072,-0.34637523933002,158.231932773109,"Female","Height2"
15.847731092437,-0.408480332638014,-0.463769889241175,-0.353190776034854,158.47731092437,"Female","Height2"
15.872268907563,-0.415993017567408,-0.472038114833488,-0.359947920301329,158.72268907563,"Female","Height2"
15.8968067226891,-0.423510912316781,-0.480366197290978,-0.366655627342583,158.968067226891,"Female","Height2"
15.9213445378151,-0.431026636862681,-0.488729867593148,-0.373323406132214,159.213445378151,"Female","Height2"
15.9458823529412,-0.438532811181662,-0.497104478020026,-0.379961144343298,159.458823529412,"Female","Height2"
15.9704201680672,-0.446022055250275,-0.505465253390758,-0.386578857109793,159.704201680672,"Female","Height2"
15.9949579831933,-0.453486989045072,-0.513787606229312,-0.393186371860832,159.949579831933,"Female","Height2"
16.0194957983193,-0.460920232542603,-0.522047508770993,-0.399792956314213,160.194957983193,"Female","Height2"
16.0440336134454,-0.468314405719419,-0.530221920694981,-0.406406890743857,160.440336134454,"Female","Height2"
16.0685714285714,-0.475662128552073,-0.538289277714261,-0.413034979389884,160.685714285714,"Female","Height2"
16.0931092436975,-0.482956021017116,-0.546230052326248,-0.419681989707984,160.931092436975,"Female","Height2"
16.1176470588235,-0.490188703091098,-0.554027403868353,-0.426350002313843,161.176470588235,"Female","Height2"
16.1421848739496,-0.497352794750573,-0.561667940210979,-0.433037649290167,161.421848739496,"Female","Height2"
16.1667226890756,-0.50444091597209,-0.569142617337641,-0.439739214606538,161.667226890756,"Female","Height2"
16.1912605042017,-0.5114456867322,-0.576447804468361,-0.44644356899604,161.912605042017,"Female","Height2"
16.2157983193277,-0.518359727007458,-0.583586538967752,-0.453132915047164,162.157983193277,"Female","Height2"
16.2403361344538,-0.525175656774411,-0.590569983108309,-0.459781330440513,162.403361344538,"Female","Height2"
16.2648739495798,-0.531886096009614,-0.59741906775478,-0.466353124264448,162.648739495798,"Female","Height2"
16.2894117647059,-0.538483664689616,-0.604166257975457,-0.472801071403774,162.894117647059,"Female","Height2"
16.3139495798319,-0.54496098279097,-0.610857293707506,-0.479064671874434,163.139495798319,"Female","Height2"
16.338487394958,-0.551310670290225,-0.617552640716887,-0.485068699863563,163.38487394958,"Female","Height2"
16.363025210084,-0.55752588275256,-0.624329947020848,-0.490721818484272,163.63025210084,"Female","Height2"
16.3875630252101,-0.563606001960925,-0.631299222725299,-0.49591278119655,163.875630252101,"Female","Height2"
16.4121008403361,-0.569554426612958,-0.638584601119957,-0.500524252105959,164.121008403361,"Female","Height2"
16.4366386554622,-0.575374622354881,-0.646302173823483,-0.50444707088628,164.366386554622,"Female","Height2"
16.4611764705882,-0.581070054832912,-0.654551802318298,-0.507588307347527,164.611764705882,"Female","Height2"
16.4857142857143,-0.586644189693271,-0.663410606615308,-0.509877772771234,164.857142857143,"Female","Height2"
16.5102521008403,-0.592100492582176,-0.672929439067806,-0.511271546096545,165.102521008403,"Female","Height2"
16.5347899159664,-0.597442429145846,-0.683132993797592,-0.511751864494101,165.347899159664,"Female","Height2"
16.5593277310924,-0.602673465030503,-0.694023068045187,-0.511323862015818,165.593277310924,"Female","Height2"
16.5838655462185,-0.607797065882362,-0.705583705546653,-0.510010426218072,165.838655462185,"Female","Height2"
16.6084033613445,-0.612816697347647,-0.717786806766567,-0.507846587928726,166.084033613445,"Female","Height2"
16.6329411764706,-0.617735825072573,-0.730597151581268,-0.504874498563878,166.329411764706,"Female","Height2"
16.6574789915966,-0.622557914703362,-0.743976311867103,-0.50113951753962,166.574789915966,"Female","Height2"
16.6820168067227,-0.627286431886231,-0.75788537039352,-0.496687493378941,166.820168067227,"Female","Height2"
16.7065546218487,-0.6319248422674,-0.772286613279695,-0.491563071255105,167.065546218487,"Female","Height2"
16.7310924369748,-0.63647661149309,-0.787144451455278,-0.485808771530902,167.310924369748,"Female","Height2"
16.7556302521008,-0.640945205209518,-0.802425817575617,-0.479464592843419,167.556302521008,"Female","Height2"
16.7801680672269,-0.645334089062905,-0.818100235311751,-0.472567942814059,167.801680672269,"Female","Height2"
16.8047058823529,-0.649646728699468,-0.834139701769386,-0.46515375562955,168.047058823529,"Female","Height2"
16.829243697479,-0.653886589765428,-0.850518476007606,-0.45725470352325,168.29243697479,"Female","Height2"
16.853781512605,-0.658057137907004,-0.867212831164638,-0.44890144464937,168.53781512605,"Female","Height2"
16.8783193277311,-0.662161838770414,-0.884200803490874,-0.440122874049954,168.783193277311,"Female","Height2"
16.9028571428571,-0.666204158001879,-0.901461956024982,-0.430946359978776,169.028571428571,"Female","Height2"
16.9273949579832,-0.670187561247617,-0.918977165126935,-0.421397957368299,169.273949579832,"Female","Height2"
16.9519327731092,-0.674115514153848,-0.936728432536196,-0.4115025957715,169.519327731092,"Female","Height2"
16.9764705882353,-0.677991482366789,-0.954698722580954,-0.401284242152625,169.764705882353,"Female","Height2"
17.0010084033613,-0.681818931532663,-0.972871822640151,-0.390766040425175,170.010084033613,"Female","Height2"
17.0255462184874,-0.685601327297686,-0.991232224322429,-0.379970430272943,170.255462184874,"Female","Height2"
17.0500840336134,-0.689342135308079,-1.00976502268422,-0.368919247931934,170.500840336134,"Female","Height2"
17.0746218487395,-0.69304482121006,-1.02845583092654,-0.357633811493579,170.746218487395,"Female","Height2"
17.0991596638655,-0.696712850649849,-1.04729070824899,-0.346134993050712,170.991596638655,"Female","Height2"
17.1236974789916,-0.700349689273666,-1.06625609882175,-0.334443279725583,171.236974789916,"Female","Height2"
17.1482352941176,-0.703958802727728,-1.0853387801195,-0.322578825335952,171.482352941176,"Female","Height2"
17.1727731092437,-0.707543656658256,-1.10452581912466,-0.310561494191848,171.727731092437,"Female","Height2"
17.1973109243697,-0.711107716711469,-1.12380453514179,-0.298410898281145,171.973109243697,"Female","Height2"
17.2218487394958,-0.714654448533585,-1.14316246816854,-0.286146428898628,172.218487394958,"Female","Height2"
17.2463865546218,-0.718187317770825,-1.16258735194172,-0.273787283599926,172.463865546218,"Female","Height2"
17.2709243697479,-0.721709790069407,-1.18206709092339,-0.261352489215425,172.709243697479,"Female","Height2"
17.295462184874,-0.725225331075551,-1.20158974061421,-0.248860921536894,172.95462184874,"Female","Height2"
17.32,-0.728737406435475,-1.22114349068332,-0.236331322187632,173.2,"Female","Height2"
14.4,-0.0234896719439367,-0.631482898871144,0.584503554983271,144,"Female","Allometry"
14.4245378151261,-0.0279329721732437,-0.618157434192373,0.562291489845885,144.245378151261,"Female","Allometry"
14.4490756302521,-0.0323799666232545,-0.60485715318636,0.540097219939851,144.490756302521,"Female","Allometry"
14.4736134453782,-0.0368343495146728,-0.591601625325711,0.517932926296366,144.736134453782,"Female","Allometry"
14.4981512605042,-0.041299815068202,-0.578410444120508,0.495810813984104,144.981512605042,"Female","Allometry"
14.5226890756303,-0.0457800575045465,-0.565303229245995,0.473743114236902,145.226890756303,"Female","Allometry"
14.5472268907563,-0.0502787710444099,-0.552299628960923,0.451742086872104,145.472268907563,"Female","Allometry"
14.5717647058824,-0.0547996499084957,-0.539419322852617,0.429820023035625,145.717647058824,"Female","Allometry"
14.5963025210084,-0.0593463883175079,-0.526682024949376,0.40798924831436,145.963025210084,"Female","Allometry"
14.6208403361345,-0.0639226804921501,-0.514107487245602,0.386262126261302,146.208403361345,"Female","Allometry"
14.6453781512605,-0.0685322206531261,-0.501715503689961,0.364651062383708,146.453781512605,"Female","Allometry"
14.6699159663866,-0.0731787030211393,-0.489525914691764,0.343168508649485,146.699159663866,"Female","Allometry"
14.6944537815126,-0.0778658218168941,-0.477558612205148,0.32182696857136,146.944537815126,"Female","Allometry"
14.7189915966387,-0.082597271261094,-0.465833545454022,0.300639002931834,147.189915966387,"Female","Allometry"
14.7435294117647,-0.0873767455744427,-0.45437072736222,0.279617236213334,147.435294117647,"Female","Allometry"
14.7680672268908,-0.092207938977644,-0.44319024175157,0.258774363796282,147.680672268908,"Female","Allometry"
14.7926050420168,-0.0970945456914016,-0.432312251363607,0.238123159980804,147.926050420168,"Female","Allometry"
14.8171428571429,-0.102040259936419,-0.421757006745601,0.217676486872763,148.171428571429,"Female","Allometry"
14.8416806722689,-0.1070487759334,-0.411544856014131,0.197447304147331,148.416806722689,"Female","Allometry"
14.866218487395,-0.112123787903049,-0.401696255463577,0.177448679657478,148.66218487395,"Female","Allometry"
14.890756302521,-0.11726899006607,-0.392231780913656,0.157693800781516,148.90756302521,"Female","Allometry"
14.9152941176471,-0.122488076643165,-0.383172139577183,0.138195986290852,149.152941176471,"Female","Allometry"
14.9398319327731,-0.12778474185504,-0.374538182058642,0.118968698348562,149.398319327731,"Female","Allometry"
14.9643697478992,-0.133162679922397,-0.366350913841364,0.100025553996571,149.643697478992,"Female","Allometry"
14.9889075630252,-0.13862558506594,-0.358631505251993,0.0813803351201138,149.889075630252,"Female","Allometry"
15.0134453781513,-0.144177151506373,-0.351401298359585,0.0630469953468392,150.134453781513,"Female","Allometry"
15.0379831932773,-0.1498210734644,-0.344681808512822,0.0450396615840217,150.379831932773,"Female","Allometry"
15.0625210084034,-0.155561045160725,-0.33849471716624,0.0273726268447891,150.625210084034,"Female","Allometry"
15.0870588235294,-0.161400760816052,-0.332861851205214,0.0100603295731104,150.870588235294,"Female","Allometry"
15.1115966386555,-0.167343914651083,-0.327805142054805,-0.00688268724736082,151.115966386555,"Female","Allometry"
15.1361344537815,-0.173394200886523,-0.323346555373538,-0.0234418463995079,151.361344537815,"Female","Allometry"
15.1606722689076,-0.179555313743076,-0.319507979081877,-0.0396026484042751,151.606722689076,"Female","Allometry"
15.1852100840336,-0.185830947441445,-0.316311054008948,-0.0553508408739425,151.852100840336,"Female","Allometry"
15.2097478991597,-0.192224796202335,-0.313776928026567,-0.070672664378103,152.097478991597,"Female","Allometry"
15.2342857142857,-0.198740554246448,-0.311925912188894,-0.0855551963040027,152.342857142857,"Female","Allometry"
15.2588235294118,-0.205381915794489,-0.310777017957699,-0.0999868136312794,152.588235294118,"Female","Allometry"
15.2833613445378,-0.212152575067162,-0.310347361013455,-0.113957789120868,152.833613445378,"Female","Allometry"
15.3078991596639,-0.219056226285169,-0.310651433467714,-0.127461019102624,153.078991596639,"Female","Allometry"
15.3324369747899,-0.226096563669216,-0.311700276916742,-0.140492850421689,153.324369747899,"Female","Allometry"
15.356974789916,-0.233277281440005,-0.313500636520393,-0.153053926359617,153.56974789916,"Female","Allometry"
15.381512605042,-0.240602010095923,-0.316053982814184,-0.165150037377663,153.81512605042,"Female","Allometry"
15.4060504201681,-0.24807055679631,-0.319341364541038,-0.176799749051581,154.060504201681,"Female","Allometry"
15.4305882352941,-0.25567680252498,-0.323317064555576,-0.188036540494384,154.305882352941,"Female","Allometry"
15.4551260504202,-0.263414118487211,-0.327932022542548,-0.198896214431875,154.551260504202,"Female","Allometry"
15.4796638655462,-0.271275875888278,-0.333136690196806,-0.20941506157975,154.796638655462,"Female","Allometry"
15.5042016806723,-0.279255445933459,-0.338881951643399,-0.21962894022352,155.042016806723,"Female","Allometry"
15.5287394957983,-0.28734619982803,-0.345120097707275,-0.229572301948784,155.287394957983,"Female","Allometry"
15.5532773109244,-0.295541508777266,-0.351805734791845,-0.239277282762687,155.532773109244,"Female","Allometry"
15.5778151260504,-0.303834743986445,-0.358896517424484,-0.248772970548405,155.778151260504,"Female","Allometry"
15.6023529411765,-0.312219276660842,-0.366353623714531,-0.258084929607153,156.023529411765,"Female","Allometry"
15.6268907563025,-0.320688478005734,-0.374141935813267,-0.267235020198201,156.268907563025,"Female","Allometry"
15.6514285714286,-0.329235719226397,-0.382229931692501,-0.276241506760294,156.514285714286,"Female","Allometry"
15.6759663865546,-0.337854371528109,-0.390589330977364,-0.285119412078853,156.759663865546,"Female","Allometry"
15.7005042016807,-0.346537806116144,-0.399194561206936,-0.293881051025353,157.005042016807,"Female","Allometry"
15.7250420168067,-0.35527939419578,-0.408022120919035,-0.302536667472526,157.250420168067,"Female","Allometry"
15.7495798319328,-0.364072506972293,-0.417049914309555,-0.311095099635032,157.495798319328,"Female","Allometry"
15.7741176470588,-0.372910515650959,-0.426256622106546,-0.319564409195373,157.741176470588,"Female","Allometry"
15.7986554621849,-0.381786791437054,-0.435621158124665,-0.327952424749444,157.986554621849,"Female","Allometry"
15.8231932773109,-0.390694705535856,-0.445122243794803,-0.336267167276909,158.231932773109,"Female","Allometry"
15.847731092437,-0.39962762915264,-0.454738116330858,-0.344517141974421,158.47731092437,"Female","Allometry"
15.872268907563,-0.408578933492682,-0.464446372011276,-0.352711494974088,158.72268907563,"Female","Allometry"
15.8968067226891,-0.41754198976126,-0.474223935536469,-0.36086004398605,158.968067226891,"Female","Allometry"
15.9213445378151,-0.426510169163648,-0.484047140079795,-0.368973198247501,159.213445378151,"Female","Allometry"
15.9458823529412,-0.435476842905124,-0.493891900334509,-0.37706178547574,159.458823529412,"Female","Allometry"
15.9704201680672,-0.444435382190965,-0.503733961944922,-0.385136802437008,159.704201680672,"Female","Allometry"
15.9949579831933,-0.453379158226446,-0.513549214315562,-0.393209102137331,159.949579831933,"Female","Allometry"
16.0194957983193,-0.462301542216845,-0.523314059007298,-0.401289025426392,160.194957983193,"Female","Allometry"
16.0440336134454,-0.471195905367436,-0.533005831981715,-0.409385978753157,160.440336134454,"Female","Allometry"
16.0685714285714,-0.480055618883496,-0.542603284285752,-0.41750795348124,160.685714285714,"Female","Allometry"
16.0931092436975,-0.488874053970303,-0.55208713202262,-0.425660975917987,160.931092436975,"Female","Allometry"
16.1176470588235,-0.497644581833132,-0.561440692392116,-0.433848471274148,161.176470588235,"Female","Allometry"
16.1421848739496,-0.50636057367726,-0.570650627926676,-0.442070519427845,161.421848739496,"Female","Allometry"
16.1667226890756,-0.515015400707962,-0.5797078252622,-0.450322976153725,161.667226890756,"Female","Allometry"
16.1912605042017,-0.523602434130516,-0.588608436755562,-0.45859643150547,161.912605042017,"Female","Allometry"
16.2157983193277,-0.532115045150199,-0.597355110876833,-0.466874979423565,162.157983193277,"Female","Allometry"
16.2403361344538,-0.540546604972284,-0.605958426884629,-0.475134783059939,162.403361344538,"Female","Allometry"
16.2648739495798,-0.548890484802051,-0.614438525033653,-0.483342444570449,162.648739495798,"Female","Allometry"
16.2894117647059,-0.557140055844774,-0.622826877374585,-0.491453234314964,162.894117647059,"Female","Allometry"
16.3139495798319,-0.565288689305732,-0.631168066941898,-0.499409311669565,163.139495798319,"Female","Allometry"
16.338487394958,-0.573329756390197,-0.639521329030083,-0.507138183750312,163.38487394958,"Female","Allometry"
16.363025210084,-0.581257100568572,-0.647963122974933,-0.514551078162211,163.63025210084,"Female","Allometry"
16.3875630252101,-0.589070055393313,-0.656602117200546,-0.52153799358608,163.875630252101,"Female","Allometry"
16.4121008403361,-0.596771496405297,-0.665561547499111,-0.527981445311484,164.121008403361,"Female","Allometry"
16.4366386554622,-0.604364358178547,-0.674957627098487,-0.533771089258608,164.366386554622,"Female","Allometry"
16.4611764705882,-0.61185157528708,-0.684891381119579,-0.538811769454582,164.611764705882,"Female","Allometry"
16.4857142857143,-0.619236082304919,-0.695441917608164,-0.543030247001674,164.857142857143,"Female","Allometry"
16.5102521008403,-0.62652081380608,-0.706662499179268,-0.546379128432892,165.102521008403,"Female","Allometry"
16.5347899159664,-0.633708704364585,-0.71858019743639,-0.548837211292781,165.347899159664,"Female","Allometry"
16.5593277310924,-0.640802688554456,-0.731198787950621,-0.55040658915829,165.593277310924,"Female","Allometry"
16.5838655462185,-0.647805700949708,-0.744503695845401,-0.551107706054016,165.838655462185,"Female","Allometry"
16.6084033613445,-0.654720676124366,-0.758467575150196,-0.550973777098536,166.084033613445,"Female","Allometry"
16.6329411764706,-0.661550548652446,-0.773055413619942,-0.550045683684949,166.329411764706,"Female","Allometry"
16.6574789915966,-0.66829825310797,-0.788228576651383,-0.548367929564557,166.574789915966,"Female","Allometry"
16.6820168067227,-0.674966724064957,-0.803947659502831,-0.545985788627082,166.820168067227,"Female","Allometry"
16.7065546218487,-0.681558896097426,-0.820174290664584,-0.542943501530269,167.065546218487,"Female","Allometry"
16.7310924369748,-0.6880777037794,-0.836872134792212,-0.539283272766588,167.310924369748,"Female","Allometry"
16.7556302521008,-0.694526081684895,-0.854007344120902,-0.535044819248889,167.556302521008,"Female","Allometry"
16.7801680672269,-0.700906964387934,-0.871548661273345,-0.530265267502524,167.801680672269,"Female","Allometry"
16.8047058823529,-0.707223286462535,-0.88946732043661,-0.52497925248846,168.047058823529,"Female","Allometry"
16.829243697479,-0.71347798248272,-0.907736844989183,-0.519219119976256,168.29243697479,"Female","Allometry"
16.853781512605,-0.719673987022505,-0.926332802812379,-0.513015171232632,168.53781512605,"Female","Allometry"
16.8783193277311,-0.725814234655914,-0.945232555107,-0.506395914204828,168.783193277311,"Female","Allometry"
16.9028571428571,-0.731901659956965,-0.964415018064096,-0.499388301849834,169.028571428571,"Female","Allometry"
16.9273949579832,-0.737939197499677,-0.983860446588196,-0.492017948411158,169.273949579832,"Female","Allometry"
16.9519327731092,-0.743929781858072,-1.00355024331359,-0.484309320402556,169.519327731092,"Female","Allometry"
16.9764705882353,-0.749876347606168,-1.02346679285257,-0.476285902359769,169.764705882353,"Female","Allometry"
17.0010084033613,-0.755781829317986,-1.04359331953299,-0.467970339102986,170.010084033613,"Female","Allometry"
17.0255462184874,-0.761649161567546,-1.06391376615259,-0.459384556982502,170.255462184874,"Female","Allometry"
17.0500840336134,-0.767481278928866,-1.0844126910841,-0.45054986677363,170.500840336134,"Female","Allometry"
17.0746218487395,-0.773281115975969,-1.10507518115534,-0.441487050796593,170.746218487395,"Female","Allometry"
17.0991596638655,-0.779051607282872,-1.12588677795494,-0.432216436610806,170.991596638655,"Female","Allometry"
17.1236974789916,-0.784795687423597,-1.14683341549204,-0.422757959355155,171.236974789916,"Female","Allometry"
17.1482352941176,-0.790516290972162,-1.16790136742171,-0.413131214522616,171.482352941176,"Female","Allometry"
17.1727731092437,-0.796216352502589,-1.1890772023134,-0.40335550269178,171.727731092437,"Female","Allometry"
17.1973109243697,-0.801898806588896,-1.2103477456776,-0.393449867500194,171.973109243697,"Female","Allometry"
17.2218487394958,-0.807566587805103,-1.23170004767276,-0.383433127937449,172.218487394958,"Female","Allometry"
17.2463865546218,-0.813222630725232,-1.25312135559117,-0.373323905859292,172.463865546218,"Female","Allometry"
17.2709243697479,-0.8188698699233,-1.27459909037192,-0.363140649474684,172.709243697479,"Female","Allometry"
17.295462184874,-0.824511239973329,-1.29612082651396,-0.352901653432695,172.95462184874,"Female","Allometry"
17.32,-0.830149675449338,-1.31767427486682,-0.342625076031855,173.2,"Female","Allometry"
14.4,-0.145834793763856,-0.676543573797096,0.384873986269384,144,"Female","Conditional"
14.4245378151261,-0.150047175076539,-0.665099692000055,0.365005341846977,144.245378151261,"Female","Conditional"
14.4490756302521,-0.154260983439217,-0.653677548460824,0.345155581582391,144.490756302521,"Female","Conditional"
14.4736134453782,-0.158477645901885,-0.642293031746037,0.325337739942268,144.736134453782,"Female","Conditional"
14.4981512605042,-0.162698589514537,-0.63096205897015,0.305564879941076,144.981512605042,"Female","Conditional"
14.5226890756303,-0.166925241327171,-0.619700578533487,0.285850095879146,145.226890756303,"Female","Conditional"
14.5472268907563,-0.171159028389779,-0.608524573248101,0.266206516468542,145.472268907563,"Female","Conditional"
14.5717647058824,-0.175401377752358,-0.597450063902926,0.246647308398209,145.717647058824,"Female","Conditional"
14.5963025210084,-0.179653716464903,-0.586493113326664,0.227185680396859,145.963025210084,"Female","Conditional"
14.6208403361345,-0.183917471577408,-0.57566983101437,0.207834887859554,146.208403361345,"Female","Conditional"
14.6453781512605,-0.188194070139868,-0.564996378391658,0.188608238111922,146.453781512605,"Female","Conditional"
14.6699159663866,-0.192484939202279,-0.554488974798618,0.169519096394059,146.699159663866,"Female","Conditional"
14.6944537815126,-0.196791505814636,-0.54416390428333,0.150580892654058,146.944537815126,"Female","Conditional"
14.7189915966387,-0.201115197026934,-0.534037523301767,0.131807129247899,147.189915966387,"Female","Conditional"
14.7435294117647,-0.205457439889168,-0.524126269425366,0.113211389647031,147.435294117647,"Female","Conditional"
14.7680672268908,-0.209819661451332,-0.514446671158183,0.0948073482555186,147.680672268908,"Female","Conditional"
14.7926050420168,-0.214203288763423,-0.505015358959211,0.0766087814323662,147.926050420168,"Female","Conditional"
14.8171428571429,-0.218609748875434,-0.495849077548288,0.0586295797974203,148.171428571429,"Female","Conditional"
14.8416806722689,-0.223040468837361,-0.486964699539756,0.0408837618650334,148.416806722689,"Female","Conditional"
14.866218487395,-0.2274968756992,-0.478379240387996,0.023385488989596,148.66218487395,"Female","Conditional"
14.890756302521,-0.231980396510945,-0.470109874530073,0.0061490815081828,148.90756302521,"Female","Conditional"
14.9152941176471,-0.236492458322592,-0.462173952454918,-0.0108109641902652,149.152941176471,"Female","Conditional"
14.9398319327731,-0.241034488184134,-0.45458901818961,-0.0274799581786585,149.398319327731,"Female","Conditional"
14.9643697478992,-0.245607913145569,-0.44737282633552,-0.0438429999556175,149.643697478992,"Female","Conditional"
14.9889075630252,-0.250214160256889,-0.440543357261134,-0.0598849632526438,149.889075630252,"Female","Conditional"
15.0134453781513,-0.254854656568091,-0.434118828299158,-0.0755904848370244,150.134453781513,"Female","Conditional"
15.0379831932773,-0.25953082912917,-0.428117697719774,-0.0909439605385668,150.379831932773,"Female","Conditional"
15.0625210084034,-0.264244104990121,-0.422558656760029,-0.105929553220213,150.625210084034,"Female","Conditional"
15.0870588235294,-0.268995911200938,-0.417460602973847,-0.120531219428029,150.870588235294,"Female","Conditional"
15.1115966386555,-0.273787674811617,-0.412842585536984,-0.134732764086251,151.115966386555,"Female","Conditional"
15.1361344537815,-0.278620822872153,-0.408723709872897,-0.14851793587141,151.361344537815,"Female","Conditional"
15.1606722689076,-0.283496782432541,-0.405122985198173,-0.16187057966691,151.606722689076,"Female","Conditional"
15.1852100840336,-0.288416980542776,-0.402059094781768,-0.174774866303785,151.852100840336,"Female","Conditional"
15.2097478991597,-0.293382844252853,-0.399550065890662,-0.187215622615045,152.097478991597,"Female","Conditional"
15.2342857142857,-0.298395800612768,-0.397612816423494,-0.199178784802042,152.342857142857,"Female","Conditional"
15.2588235294118,-0.303457276672514,-0.396262561067665,-0.210651992277364,152.588235294118,"Female","Conditional"
15.2833613445378,-0.308568699482088,-0.395512075430096,-0.221625323534081,152.833613445378,"Female","Conditional"
15.3078991596639,-0.313731496091484,-0.395370846171492,-0.232092146011476,153.078991596639,"Female","Conditional"
15.3324369747899,-0.318947093550698,-0.395844181034883,-0.242050006066513,153.324369747899,"Female","Conditional"
15.356974789916,-0.324216918909724,-0.396932411752905,-0.251501426066543,153.56974789916,"Female","Conditional"
15.381512605042,-0.329542339672455,-0.3986301418865,-0.26045453745841,153.81512605042,"Female","Conditional"
15.4060504201681,-0.334921150576615,-0.400912346391563,-0.268929954761668,154.060504201681,"Female","Conditional"
15.4305882352941,-0.34034560857237,-0.403728811317719,-0.276962405827022,154.305882352941,"Female","Conditional"
15.4551260504202,-0.345807494241063,-0.407026565148796,-0.28458842333333,154.551260504202,"Female","Conditional"
15.4796638655462,-0.351298588164035,-0.410752911733966,-0.291844264594103,154.796638655462,"Female","Conditional"
15.5042016806723,-0.35681067092263,-0.414856526559542,-0.298764815285717,155.042016806723,"Female","Conditional"
15.5287394957983,-0.36233552309819,-0.419288444225033,-0.305382601971347,155.287394957983,"Female","Conditional"
15.5532773109244,-0.367864925272059,-0.424002821670286,-0.311727028873832,155.532773109244,"Female","Conditional"
15.5778151260504,-0.373390658025579,-0.42895740748112,-0.317823908570038,155.778151260504,"Female","Conditional"
15.6023529411765,-0.378904501940092,-0.434113700059709,-0.323695303820475,156.023529411765,"Female","Conditional"
15.6268907563025,-0.384398237596942,-0.439436823121001,-0.329359652072882,156.268907563025,"Female","Conditional"
15.6514285714286,-0.389863645577471,-0.444895177918283,-0.334832113236658,156.514285714286,"Female","Conditional"
15.6759663865546,-0.395292506463021,-0.450459946039973,-0.34012506688607,156.759663865546,"Female","Conditional"
15.7005042016807,-0.400676600834937,-0.456104517155519,-0.345248684514354,157.005042016807,"Female","Conditional"
15.7250420168067,-0.40600770927456,-0.461803907204634,-0.350211511344485,157.250420168067,"Female","Conditional"
15.7495798319328,-0.411277612363233,-0.467534218689951,-0.355021006036514,157.495798319328,"Female","Conditional"
15.7741176470588,-0.416478090682298,-0.473272179459169,-0.359684001905427,157.741176470588,"Female","Conditional"
15.7986554621849,-0.421600924813099,-0.478994782001839,-0.36420706762436,157.986554621849,"Female","Conditional"
15.8231932773109,-0.426637895336979,-0.484679033206441,-0.368596757467516,158.231932773109,"Female","Conditional"
15.847731092437,-0.431580782835279,-0.49030181537537,-0.372859750295188,158.47731092437,"Female","Conditional"
15.872268907563,-0.436421367889343,-0.495839853239306,-0.37700288253938,158.72268907563,"Female","Conditional"
15.8968067226891,-0.441151431080514,-0.501269778586046,-0.381033083574981,158.968067226891,"Female","Conditional"
15.9213445378151,-0.445762752990134,-0.506568283559431,-0.384957222420836,159.213445378151,"Female","Conditional"
15.9458823529412,-0.450247114199545,-0.511712355227407,-0.388781873171683,159.458823529412,"Female","Conditional"
15.9704201680672,-0.454596295290091,-0.516679587180268,-0.392513003399915,159.704201680672,"Female","Conditional"
15.9949579831933,-0.458802076843115,-0.521448568255743,-0.396155585430487,159.949579831933,"Female","Conditional"
16.0194957983193,-0.462856239439959,-0.525999353618248,-0.39971312526167,160.194957983193,"Female","Conditional"
16.0440336134454,-0.466750563661966,-0.530314029016953,-0.403187098306979,160.440336134454,"Female","Conditional"
16.0685714285714,-0.470476830090478,-0.534377384762905,-0.406576275418051,160.685714285714,"Female","Conditional"
16.0931092436975,-0.474026819306838,-0.538177721288328,-0.409875917325349,160.931092436975,"Female","Conditional"
16.1176470588235,-0.47739231189239,-0.541707812168414,-0.413076811616365,161.176470588235,"Female","Conditional"
16.1421848739496,-0.480565088428475,-0.544966051509882,-0.416164125347068,161.421848739496,"Female","Conditional"
16.1667226890756,-0.483536929496437,-0.547957807646753,-0.41911605134612,161.667226890756,"Female","Conditional"
16.1912605042017,-0.486299615677618,-0.550696989176337,-0.421902242178898,161.912605042017,"Female","Conditional"
16.2157983193277,-0.488844927553361,-0.553207795059134,-0.424482060047587,162.157983193277,"Female","Conditional"
16.2403361344538,-0.491164645705008,-0.555526558109573,-0.426802733300443,162.403361344538,"Female","Conditional"
16.2648739495798,-0.493250550713904,-0.557703491424134,-0.428797610003673,162.648739495798,"Female","Conditional"
16.2894117647059,-0.495094423161389,-0.559804008684337,-0.43038483763844,162.894117647059,"Female","Conditional"
16.3139495798319,-0.496688043628807,-0.561909132828545,-0.431466954429069,163.139495798319,"Female","Conditional"
16.338487394958,-0.4980231926975,-0.564114396051976,-0.431931989343024,163.38487394958,"Female","Conditional"
16.363025210084,-0.499092392271643,-0.566528267524526,-0.43165651701876,163.63025210084,"Female","Conditional"
16.3875630252101,-0.499896782133314,-0.569280403672392,-0.430513160594235,163.875630252101,"Female","Conditional"
16.4121008403361,-0.50044306198582,-0.572496948876447,-0.428389175095194,164.121008403361,"Female","Conditional"
16.4366386554622,-0.500738024197825,-0.576276894337045,-0.425199154058606,164.366386554622,"Female","Conditional"
16.4611764705882,-0.500788461137991,-0.580686584116659,-0.420890338159323,164.611764705882,"Female","Conditional"
16.4857142857143,-0.50060116517498,-0.585759567046287,-0.415442763303672,164.857142857143,"Female","Conditional"
16.5102521008403,-0.500182928677454,-0.59150093136417,-0.408864925990738,165.102521008403,"Female","Conditional"
16.5347899159664,-0.499540544014075,-0.597894220748529,-0.401186867279621,165.347899159664,"Female","Conditional"
16.5593277310924,-0.498680803553505,-0.604908837184299,-0.392452769922712,165.593277310924,"Female","Conditional"
16.5838655462185,-0.497610499664407,-0.612506453860366,-0.382714545468449,165.838655462185,"Female","Conditional"
16.6084033613445,-0.496336424715443,-0.620645798333145,-0.372027051097742,166.084033613445,"Female","Conditional"
16.6329411764706,-0.494865371075276,-0.629285799756568,-0.360444942393983,166.329411764706,"Female","Conditional"
16.6574789915966,-0.493204131112566,-0.638387411160105,-0.348020851065027,166.574789915966,"Female","Conditional"
16.6820168067227,-0.491359497195977,-0.647914494050323,-0.334804500341631,166.820168067227,"Female","Conditional"
16.7065546218487,-0.489338261694171,-0.657834104406938,-0.320842418981404,167.065546218487,"Female","Conditional"
16.7310924369748,-0.487147216975809,-0.66811643158183,-0.306178002369789,167.310924369748,"Female","Conditional"
16.7556302521008,-0.484793155409555,-0.678734558182053,-0.290851752637058,167.556302521008,"Female","Conditional"
16.7801680672269,-0.48228286936407,-0.689664144752096,-0.274901593976044,167.801680672269,"Female","Conditional"
16.8047058823529,-0.479623151208017,-0.700883098898915,-0.258363203517118,168.047058823529,"Female","Conditional"
16.829243697479,-0.476820793310057,-0.712371260337972,-0.241270326282141,168.29243697479,"Female","Conditional"
16.853781512605,-0.473882588038853,-0.724110116396346,-0.22365505968136,168.53781512605,"Female","Conditional"
16.8783193277311,-0.470815327763067,-0.73608255286009,-0.205548102666044,168.783193277311,"Female","Conditional"
16.9028571428571,-0.467625804851362,-0.748272639899219,-0.186978969803504,169.028571428571,"Female","Conditional"
16.9273949579832,-0.464320811672399,-0.760665450304092,-0.167976173040706,169.273949579832,"Female","Conditional"
16.9519327731092,-0.460907140594841,-0.77324690627024,-0.148567374919441,169.519327731092,"Female","Conditional"
16.9764705882353,-0.45739158398735,-0.78600365078139,-0.12877951719331,169.764705882353,"Female","Conditional"
17.0010084033613,-0.453780934218587,-0.798922939858331,-0.108638928578843,170.010084033613,"Female","Conditional"
17.0255462184874,-0.450081983657217,-0.811992552335624,-0.08817141497881,170.255462184874,"Female","Conditional"
17.0500840336134,-0.4463015246719,-0.825200714275428,-0.0674023350683717,170.500840336134,"Female","Conditional"
17.0746218487395,-0.442446349631298,-0.838536035564196,-0.0463566636984001,170.746218487395,"Female","Conditional"
17.0991596638655,-0.438523250904075,-0.851987456634651,-0.0250590451734992,170.991596638655,"Female","Conditional"
17.1236974789916,-0.434539020858891,-0.865544203601626,-0.00353383811615643,171.236974789916,"Female","Conditional"
17.1482352941176,-0.430500451864411,-0.879195750395011,0.0181948466661897,171.482352941176,"Female","Conditional"
17.1727731092437,-0.426414336289294,-0.892931786720243,0.0401031141416546,171.727731092437,"Female","Conditional"
17.1973109243697,-0.422287466502205,-0.906742190881811,0.0621672578774006,171.973109243697,"Female","Conditional"
17.2218487394958,-0.418126634871805,-0.920617006674562,0.0843637369309532,172.218487394958,"Female","Conditional"
17.2463865546218,-0.413938633766755,-0.934546423686582,0.106669156153072,172.463865546218,"Female","Conditional"
17.2709243697479,-0.409730255555719,-0.948520760471534,0.129060249360095,172.709243697479,"Female","Conditional"
17.295462184874,-0.405508292607358,-0.96253045014192,0.151513864927203,172.95462184874,"Female","Conditional"
17.32,-0.401279537290336,-0.976566028011262,0.17400695343059,173.2,"Female","Conditional"
15.67,-2.14189518121641,-2.78578874390331,-1.49800161852951,156.7,"Male","Absolute"
15.6957142857143,-2.10314410524499,-2.72781436446726,-1.47847384602272,156.957142857143,"Male","Absolute"
15.7214285714286,-2.06441224206619,-2.66988276665879,-1.45894171747359,157.214285714286,"Male","Absolute"
15.7471428571429,-2.02571880447262,-2.61203025806065,-1.43940735088459,157.471428571429,"Male","Absolute"
15.7728571428571,-1.9870830052569,-2.5542931760688,-1.41987283444499,157.728571428571,"Male","Absolute"
15.7985714285714,-1.94852405721164,-2.49670789073481,-1.40034022368847,157.985714285714,"Male","Absolute"
15.8242857142857,-1.91006117312947,-2.43931080801119,-1.38081153824775,158.242857142857,"Male","Absolute"
15.85,-1.871713565803,-2.38213837345578,-1.36128875815022,158.5,"Male","Absolute"
15.8757142857143,-1.83350044802484,-2.32522707645986,-1.34177381958982,158.757142857143,"Male","Absolute"
15.9014285714286,-1.79544103258762,-2.26861345507444,-1.3222686101008,159.014285714286,"Male","Absolute"
15.9271428571429,-1.75755453228395,-2.2123341015197,-1.30277496304819,159.271428571429,"Male","Absolute"
15.9528571428571,-1.71986015990644,-2.156425668475,-1.28329465133788,159.528571428571,"Male","Absolute"
15.9785714285714,-1.68237712824772,-2.10092487625946,-1.26382938023597,159.785714285714,"Male","Absolute"
16.0042857142857,-1.64512465010039,-2.04586852102736,-1.24438077917343,160.042857142857,"Male","Absolute"
16.03,-1.60812193825709,-1.99129348411613,-1.22495039239804,160.3,"Male","Absolute"
16.0557142857143,-1.57138820551041,-1.93723674269821,-1.20553966832261,160.557142857143,"Male","Absolute"
16.0814285714286,-1.53494266465298,-1.88373538189816,-1.18614994740781,160.814285714286,"Male","Absolute"
16.1071428571429,-1.49880452847743,-1.83082660854167,-1.16678244841318,161.071428571429,"Male","Absolute"
16.1328571428571,-1.46299300977635,-1.77854776669831,-1.14743825285439,161.328571428571,"Male","Absolute"
16.1585714285714,-1.42752732134237,-1.72693635515792,-1.12811828752682,161.585714285714,"Male","Absolute"
16.1842857142857,-1.39242667596811,-1.67603004693193,-1.10882330500429,161.842857142857,"Male","Absolute"
16.21,-1.35771028644618,-1.62586671077777,-1.08955386211459,162.1,"Male","Absolute"
16.2357142857143,-1.3233973655692,-1.5764844345845,-1.0703102965539,162.357142857143,"Male","Absolute"
16.2614285714286,-1.28950712612978,-1.52792155019265,-1.05109270206691,162.614285714286,"Male","Absolute"
16.2871428571429,-1.25605878092055,-1.48021665879955,-1.03190090304154,162.871428571429,"Male","Absolute"
16.3128571428571,-1.22307154273412,-1.43340865544347,-1.01273443002476,163.128571428571,"Male","Absolute"
16.3385714285714,-1.1905646243631,-1.38753675005545,-0.993592498670739,163.385714285714,"Male","Absolute"
16.3642857142857,-1.15855723860011,-1.34264048106071,-0.974473996139508,163.642857142857,"Male","Absolute"
16.39,-1.12706859823778,-1.29875971528931,-0.955377481186242,163.9,"Male","Absolute"
16.4157142857143,-1.0961179160687,-1.25593462474993,-0.936301207387472,164.157142857143,"Male","Absolute"
16.4414285714286,-1.06572440488551,-1.21420562630987,-0.917243183461156,164.414285714286,"Male","Absolute"
16.4671428571429,-1.03590727748082,-1.17361326419786,-0.898201290763774,164.671428571429,"Male","Absolute"
16.4928571428571,-1.00668574664725,-1.13419800733587,-0.879173485958618,164.928571428571,"Male","Absolute"
16.5185714285714,-0.978079025177401,-1.09599992407529,-0.86015812627951,165.185714285714,"Male","Absolute"
16.5442857142857,-0.950106325863904,-1.05905818719326,-0.841154464534553,165.442857142857,"Male","Absolute"
16.57,-0.922786861499374,-1.02341035502925,-0.822163367969498,165.7,"Male","Absolute"
16.5957142857143,-0.896139844876428,-0.989091376338136,-0.803188313414719,165.957142857143,"Male","Absolute"
16.6214285714286,-0.870184488787677,-0.956132286483974,-0.78423669109138,166.214285714286,"Male","Absolute"
16.6471428571429,-0.84494000602574,-0.924558613876493,-0.765321398174987,166.471428571429,"Male","Absolute"
16.6728571428571,-0.82042560938324,-0.894388610042872,-0.746462608723607,166.728571428571,"Male","Absolute"
16.6985714285714,-0.796660211039242,-0.865631095150093,-0.727689326928392,166.985714285714,"Male","Absolute"
16.7242857142857,-0.773644686360351,-0.838257752601206,-0.709031620119497,167.242857142857,"Male","Absolute"
16.75,-0.751351953653827,-0.812191616637257,-0.690512290670397,167.5,"Male","Absolute"
16.7757142857143,-0.729752526318603,-0.787349333971434,-0.672155718665772,167.757142857143,"Male","Absolute"
16.8014285714286,-0.708816917753603,-0.763646421482123,-0.653987414025083,168.014285714286,"Male","Absolute"
16.8271428571429,-0.688515641357763,-0.740999121105209,-0.636032161610317,168.271428571429,"Male","Absolute"
16.8528571428571,-0.668819210530013,-0.719326395254114,-0.618312025805911,168.528571428571,"Male","Absolute"
16.8785714285714,-0.649698138669285,-0.698551801023555,-0.600844476315014,168.785714285714,"Male","Absolute"
16.9042857142857,-0.631122939174503,-0.678605006550725,-0.583640871798282,169.042857142857,"Male","Absolute"
16.93,-0.613064125444604,-0.659422784781262,-0.566705466107946,169.3,"Male","Absolute"
16.9557142857143,-0.595492210878516,-0.64094941003984,-0.550035011717191,169.557142857143,"Male","Absolute"
16.9814285714286,-0.578377708875173,-0.623136464591668,-0.533618953158677,169.814285714286,"Male","Absolute"
17.0071428571429,-0.561691132833499,-0.605942121586951,-0.517440144080046,170.071428571429,"Male","Absolute"
17.0328571428571,-0.54540299615243,-0.589330006789857,-0.501475985515002,170.328571428571,"Male","Absolute"
17.0585714285714,-0.529483812230896,-0.573267761571564,-0.485699862890229,170.585714285714,"Male","Absolute"
17.0842857142857,-0.513904094467825,-0.557725441536886,-0.470082747398764,170.842857142857,"Male","Absolute"
17.11,-0.498634356262149,-0.542673891985633,-0.454594820538665,171.1,"Male","Absolute"
17.1357142857143,-0.483645111012799,-0.528083240609749,-0.439206981415849,171.357142857143,"Male","Absolute"
17.1614285714286,-0.468906872118708,-0.513921633795898,-0.423892110441517,171.614285714286,"Male","Absolute"
17.1871428571429,-0.454390152978801,-0.500154311762894,-0.408625994194708,171.871428571429,"Male","Absolute"
17.2128571428571,-0.440065466992012,-0.486743071447135,-0.393387862536888,172.128571428571,"Male","Absolute"
17.2385714285714,-0.425903327557271,-0.473646113150457,-0.378160541964085,172.385714285714,"Male","Absolute"
17.2642857142857,-0.411874248073511,-0.460818219615728,-0.362930276531293,172.642857142857,"Male","Absolute"
17.29,-0.397948741939658,-0.448211184838525,-0.347686299040791,172.9,"Male","Absolute"
17.3157142857143,-0.384097322554645,-0.435774399178634,-0.332420245930655,173.157142857143,"Male","Absolute"
17.3414285714286,-0.370290503317403,-0.423455505144761,-0.317125501490045,173.414285714286,"Male","Absolute"
17.3671428571429,-0.356498797626864,-0.411201058079509,-0.301796537174219,173.671428571429,"Male","Absolute"
17.3928571428571,-0.342692718881955,-0.398957150315669,-0.28642828744824,173.928571428571,"Male","Absolute"
17.4185714285714,-0.328842780481608,-0.38666998027174,-0.271015580691476,174.185714285714,"Male","Absolute"
17.4442857142857,-0.314919495824756,-0.374286366158906,-0.255552625490606,174.442857142857,"Male","Absolute"
17.47,-0.300893378310326,-0.361754216673309,-0.240032539947342,174.7,"Male","Absolute"
17.4957142857143,-0.286734941337249,-0.349022978991383,-0.224446903683116,174.957142857143,"Male","Absolute"
17.5214285714286,-0.272414698304458,-0.336044088972225,-0.208785307636691,175.214285714286,"Male","Absolute"
17.5471428571429,-0.257903162610884,-0.322771451120062,-0.193034874101705,175.471428571429,"Male","Absolute"
17.5728571428571,-0.243170847655454,-0.30916197767152,-0.177179717639388,175.728571428571,"Male","Absolute"
17.5985714285714,-0.2281882668371,-0.2951762177782,-0.161200315896,175.985714285714,"Male","Absolute"
17.6242857142857,-0.212925933554754,-0.280779109237496,-0.145072757872012,176.242857142857,"Male","Absolute"
17.65,-0.197354361207347,-0.265940885999466,-0.128767836415228,176.5,"Male","Absolute"
17.6757142857143,-0.181444063193806,-0.250638173257632,-0.11224995312998,176.757142857143,"Male","Absolute"
17.7014285714286,-0.165165552913065,-0.234855295531652,-0.0954758102944774,177.014285714286,"Male","Absolute"
17.7271428571429,-0.148491307241066,-0.218589099560909,-0.0783935149212231,177.271428571429,"Male","Absolute"
17.7528571428571,-0.131416628474038,-0.201884519811355,-0.060948737136721,177.528571428571,"Male","Absolute"
17.7785714285714,-0.113951544985802,-0.184818358307244,-0.0430847316643602,177.785714285714,"Male","Absolute"
17.8042857142857,-0.0961063305848126,-0.167473184912993,-0.0247394762566325,178.042857142857,"Male","Absolute"
17.83,-0.0778912590795267,-0.149935311266017,-0.00584720689303622,178.3,"Male","Absolute"
17.8557142857143,-0.0593166042783905,-0.132292443912848,0.0136592353560673,178.557142857143,"Male","Absolute"
17.8814285714286,-0.04039263998986,-0.114630645318641,0.0338453653389213,178.814285714286,"Male","Absolute"
17.9071428571429,-0.0211296400223877,-0.0970308414863235,0.0547715614415482,179.071428571429,"Male","Absolute"
17.9328571428571,-0.00153787818442863,-0.0795653060292853,0.076489549660428,179.328571428571,"Male","Absolute"
17.9585714285714,0.0183723717155687,-0.0622946612216576,0.099039404652795,179.585714285714,"Male","Absolute"
17.9842857142857,0.0385908358691501,-0.0452658960313686,0.122447567769669,179.842857142857,"Male","Absolute"
18.01,0.0591072404678591,-0.0285116985297646,0.146726179465483,180.1,"Male","Absolute"
18.0357142857143,0.0799113117032484,-0.012051104702379,0.171873728108876,180.357142857143,"Male","Absolute"
18.0614285714286,0.100992775766863,0.00410880718660722,0.197876744347119,180.614285714286,"Male","Absolute"
18.0871428571429,0.12234135885025,0.0199706032425668,0.224712114457933,180.871428571429,"Male","Absolute"
18.1128571428571,0.143946787144957,0.0355439995167778,0.252349574773135,181.128571428571,"Male","Absolute"
18.1385714285714,0.165798786842526,0.0508435287374461,0.280754044947607,181.385714285714,"Male","Absolute"
18.1642857142857,0.187887084134513,0.0658865719175112,0.309887596351516,181.642857142857,"Male","Absolute"
18.19,0.210201405212461,0.0806918309491156,0.339710979475807,181.9,"Male","Absolute"
18.2157142857143,0.232731476267915,0.0952782284893693,0.370184724046461,182.157142857143,"Male","Absolute"
18.2414285714286,0.255467023492427,0.109664172759844,0.40126987422501,182.414285714286,"Male","Absolute"
18.2671428571429,0.278397773077543,0.123867108017122,0.432928438137963,182.671428571429,"Male","Absolute"
18.2928571428571,0.301513451214807,0.13790327407028,0.465123628359335,182.928571428571,"Male","Absolute"
18.3185714285714,0.324803784095766,0.151787610100131,0.497819958091402,183.185714285714,"Male","Absolute"
18.3442857142857,0.348258497911973,0.165533752516504,0.530983243307443,183.442857142857,"Male","Absolute"
18.37,0.371867318854972,0.179154090131113,0.564580547578831,183.7,"Male","Absolute"
18.3957142857143,0.395619973116306,0.19265985108384,0.598580095148772,183.957142857143,"Male","Absolute"
18.4214285714286,0.41950618688753,0.20606120448029,0.632951169294769,184.214285714286,"Male","Absolute"
18.4471428571429,0.443515686360187,0.219367365868075,0.667664006852299,184.471428571429,"Male","Absolute"
18.4728571428571,0.467638197725824,0.232586699970492,0.702689695481157,184.728571428571,"Male","Absolute"
18.4985714285714,0.49186344717599,0.245726816981119,0.738000077370861,184.985714285714,"Male","Absolute"
18.5242857142857,0.516181160902227,0.258794660601082,0.773567661203371,185.242857142857,"Male","Absolute"
18.55,0.540581065096089,0.271796587181796,0.809365543010382,185.5,"Male","Absolute"
18.5757142857143,0.565052885949121,0.284738436047176,0.845367335851065,185.757142857143,"Male","Absolute"
18.6014285714286,0.589586349652866,0.297625591471644,0.881547107834089,186.014285714286,"Male","Absolute"
18.6271428571429,0.614171182398879,0.310463036994281,0.917879327803478,186.271428571429,"Male","Absolute"
18.6528571428571,0.638797110378702,0.323255402829999,0.954338817927406,186.528571428571,"Male","Absolute"
18.6785714285714,0.663453859783885,0.336007007144959,0.99090071242281,186.785714285714,"Male","Absolute"
18.7042857142857,0.688131156805969,0.348721891927432,1.02754042168451,187.042857142857,"Male","Absolute"
18.73,0.71281872763651,0.361403854127581,1.06423360114544,187.3,"Male","Absolute"
15.67,-1.75081224704423,-2.27423721658653,-1.22738727750193,156.7,"Male","BMI"
15.6957142857143,-1.72013669704063,-2.22769370074989,-1.21257969333137,156.957142857143,"Male","BMI"
15.7214285714286,-1.68947598391735,-2.18118691010936,-1.19776505772535,157.214285714286,"Male","BMI"
15.7471428571429,-1.65884494455473,-2.13474615225053,-1.18294373685894,157.471428571429,"Male","BMI"
15.7728571428571,-1.62825841583309,-2.08840077345118,-1.16811605821499,157.728571428571,"Male","BMI"
15.7985714285714,-1.59773123463274,-2.0421801626364,-1.15328230662909,157.985714285714,"Male","BMI"
15.8242857142857,-1.56727823783402,-1.99611375589845,-1.1384427197696,158.242857142857,"Male","BMI"
15.85,-1.53691426231726,-1.95023104166321,-1.1235974829713,158.5,"Male","BMI"
15.8757142857143,-1.50665414496277,-1.90456156659759,-1.10874672332794,158.757142857143,"Male","BMI"
15.9014285714286,-1.47651272265088,-1.85913494236675,-1.09389050293502,159.014285714286,"Male","BMI"
15.9271428571429,-1.44650483226192,-1.81398085336605,-1.0790288111578,159.271428571429,"Male","BMI"
15.9528571428571,-1.41664531067622,-1.76912906557075,-1.06416155578169,159.528571428571,"Male","BMI"
15.9785714285714,-1.38694899477409,-1.72460943666549,-1.0492885528827,159.785714285714,"Male","BMI"
16.0042857142857,-1.35743072143587,-1.68045192763631,-1.03440951523543,160.042857142857,"Male","BMI"
16.03,-1.32810532754188,-1.63668661602789,-1.01952403905588,160.3,"Male","BMI"
16.0557142857143,-1.29898764997245,-1.59334371108709,-1.0046315888578,160.557142857143,"Male","BMI"
16.0814285714286,-1.27009252560789,-1.55045357102712,-0.989731480188663,160.814285714286,"Male","BMI"
16.1071428571429,-1.24143479132854,-1.50804672264938,-0.974822860007705,161.071428571429,"Male","BMI"
16.1328571428571,-1.21302928401472,-1.46615388354552,-0.959904684483922,161.328571428571,"Male","BMI"
16.1585714285714,-1.18489084054676,-1.42480598705637,-0.944975694037149,161.585714285714,"Male","BMI"
16.1842857142857,-1.15703429780497,-1.38403421006941,-0.930034385540536,161.842857142857,"Male","BMI"
16.21,-1.1294744926697,-1.34387000356302,-0.91507898177639,162.1,"Male","BMI"
16.2357142857143,-1.10222626202126,-1.3043451255094,-0.900107398533117,162.357142857143,"Male","BMI"
16.2614285714286,-1.07530444273997,-1.26549167526622,-0.885117210213732,162.614285714286,"Male","BMI"
16.2871428571429,-1.04872387170617,-1.22734212782206,-0.870105615590285,162.871428571429,"Male","BMI"
16.3128571428571,-1.02249938580018,-1.18992936508078,-0.855069406519581,163.128571428571,"Male","BMI"
16.3385714285714,-0.996645821902321,-1.15328669958196,-0.840004944222685,163.385714285714,"Male","BMI"
16.3642857142857,-0.97117801689292,-1.11744788340701,-0.824908150378825,163.642857142857,"Male","BMI"
16.39,-0.946110807652307,-1.08244709118968,-0.809774524114931,163.9,"Male","BMI"
16.4157142857143,-0.9214590310608,-1.04831886076965,-0.794599201351953,164.157142857143,"Male","BMI"
16.4414285714286,-0.897237523998729,-1.01509796776924,-0.779377080228213,164.414285714286,"Male","BMI"
16.4671428571429,-0.873461123346418,-0.982819201131949,-0.764103045560887,164.671428571429,"Male","BMI"
16.4928571428571,-0.850144665984196,-0.951516995949167,-0.748772336019226,164.928571428571,"Male","BMI"
16.5185714285714,-0.827302988792383,-0.921224869507377,-0.733381108077389,165.185714285714,"Male","BMI"
16.5442857142857,-0.804950928651305,-0.891974600456321,-0.71792725684629,165.442857142857,"Male","BMI"
16.57,-0.783103322441291,-0.863795096695862,-0.70241154818672,165.7,"Male","BMI"
16.5957142857143,-0.761775007042666,-0.836710926071235,-0.686839088014096,165.957142857143,"Male","BMI"
16.6214285714286,-0.740980819335751,-0.810740548076207,-0.671221090595295,166.214285714286,"Male","BMI"
16.6471428571429,-0.720735596200873,-0.785894392600674,-0.655576799801072,166.471428571429,"Male","BMI"
16.6728571428571,-0.701054174518363,-0.762173074884893,-0.639935274151833,166.728571428571,"Male","BMI"
16.6985714285714,-0.681951179768724,-0.739565867343922,-0.624336492193525,166.985714285714,"Male","BMI"
16.7242857142857,-0.663428553443622,-0.718033018441324,-0.60882408844592,167.242857142857,"Male","BMI"
16.75,-0.645468576852007,-0.697500827276377,-0.593436326427637,167.5,"Male","BMI"
16.7757142857143,-0.628051840104315,-0.677892284507088,-0.578211395701542,167.757142857143,"Male","BMI"
16.8014285714286,-0.611158933310977,-0.659131902089109,-0.563185964532846,168.014285714286,"Male","BMI"
16.8271428571429,-0.594770446582432,-0.641147932376137,-0.548392960788727,168.271428571429,"Male","BMI"
16.8528571428571,-0.578866970029113,-0.623874270817948,-0.533859669240279,168.528571428571,"Male","BMI"
16.8785714285714,-0.563429093761459,-0.607251861236622,-0.519606326286297,168.785714285714,"Male","BMI"
16.9042857142857,-0.548437407889901,-0.591229531420618,-0.505645284359184,169.042857142857,"Male","BMI"
16.93,-0.533872502524876,-0.575764278207563,-0.491980726842188,169.3,"Male","BMI"
16.9557142857143,-0.519714967776818,-0.560821075866829,-0.478608859686807,169.557142857143,"Male","BMI"
16.9814285714286,-0.505945393756167,-0.546372298920194,-0.46551848859214,169.814285714286,"Male","BMI"
17.0071428571429,-0.492544370573352,-0.532396842091933,-0.452691899054771,170.071428571429,"Male","BMI"
17.0328571428571,-0.479492488338812,-0.518879001217311,-0.440105975460312,170.328571428571,"Male","BMI"
17.0585714285714,-0.466770337162982,-0.505807163231094,-0.427733511094871,170.585714285714,"Male","BMI"
17.0842857142857,-0.454358507156295,-0.493172349863952,-0.415544664448638,170.842857142857,"Male","BMI"
17.11,-0.442237588429189,-0.480966671680698,-0.40350850517768,171.1,"Male","BMI"
17.1357142857143,-0.430388171092097,-0.469181773339944,-0.39159456884425,171.357142857143,"Male","BMI"
17.1614285714286,-0.418790845255458,-0.457807377734075,-0.379774312776842,171.614285714286,"Male","BMI"
17.1871428571429,-0.407426201029703,-0.446830052158201,-0.368022349901206,171.871428571429,"Male","BMI"
17.2128571428571,-0.39627482852527,-0.436232311210745,-0.356317345839794,172.128571428571,"Male","BMI"
17.2385714285714,-0.385317317852592,-0.425992133931904,-0.344642501773281,172.385714285714,"Male","BMI"
17.2642857142857,-0.374534259122108,-0.416082913832782,-0.332985604411434,172.642857142857,"Male","BMI"
17.29,-0.363906242444249,-0.406473796906415,-0.321338687982083,172.9,"Male","BMI"
17.3157142857143,-0.353413857929452,-0.397130313443309,-0.309697402415595,173.157142857143,"Male","BMI"
17.3414285714286,-0.343037695688154,-0.388015186765815,-0.298060204610492,173.414285714286,"Male","BMI"
17.3671428571429,-0.332758345830788,-0.379089207050099,-0.286427484611478,173.671428571429,"Male","BMI"
17.3928571428571,-0.32255639846779,-0.370312083266099,-0.274800713669482,173.928571428571,"Male","BMI"
17.4185714285714,-0.312412443709596,-0.361643219400346,-0.263181668018845,174.185714285714,"Male","BMI"
17.4442857142857,-0.302307071666641,-0.353042392673137,-0.251571750660145,174.442857142857,"Male","BMI"
17.47,-0.292220872449359,-0.344470335792751,-0.239971409105966,174.7,"Male","BMI"
17.4957142857143,-0.282134436168185,-0.335889240901689,-0.228379631434682,174.957142857143,"Male","BMI"
17.5214285714286,-0.272028352933557,-0.327263210900735,-0.216793494966379,175.214285714286,"Male","BMI"
17.5471428571429,-0.26188321285591,-0.318558686458859,-0.20520773925296,175.471428571429,"Male","BMI"
17.5728571428571,-0.251679606045676,-0.309744876331724,-0.193614335759629,175.728571428571,"Male","BMI"
17.5985714285714,-0.241398122613293,-0.300794216114156,-0.182002029112429,175.985714285714,"Male","BMI"
17.6242857142857,-0.231019352669196,-0.291682876987949,-0.170355828350442,176.242857142857,"Male","BMI"
17.65,-0.22052388632382,-0.282391341430576,-0.158656431217063,176.5,"Male","BMI"
17.6757142857143,-0.209892313687599,-0.272905056631754,-0.146879570743444,176.757142857143,"Male","BMI"
17.7014285714286,-0.19910522487097,-0.263215167388973,-0.134995282352967,177.014285714286,"Male","BMI"
17.7271428571429,-0.188144394325049,-0.253321543541408,-0.12296724510869,177.271428571429,"Male","BMI"
17.7528571428571,-0.17700536446138,-0.243256327368462,-0.110754401554298,177.528571428571,"Male","BMI"
17.7785714285714,-0.165692560246613,-0.233071993273351,-0.0983131272198757,177.785714285714,"Male","BMI"
17.8042857142857,-0.15421055468999,-0.22282313792702,-0.0855979714529602,178.042857142857,"Male","BMI"
17.83,-0.142563920800752,-0.212564903510688,-0.0725629380908158,178.3,"Male","BMI"
17.8557142857143,-0.130757231588134,-0.202351470386602,-0.0591629927896658,178.557142857143,"Male","BMI"
17.8814285714286,-0.118795060061378,-0.19223442260263,-0.0453556975201267,178.814285714286,"Male","BMI"
17.9071428571429,-0.106681979229723,-0.182261125296542,-0.0311028331629028,179.071428571429,"Male","BMI"
17.9328571428571,-0.094422562102409,-0.172473281749307,-0.0163718424555105,179.328571428571,"Male","BMI"
17.9585714285714,-0.0820213816886739,-0.162905831478243,-0.00113693189910445,179.585714285714,"Male","BMI"
17.9842857142857,-0.0694830109977574,-0.153586306456623,0.0146202844611077,179.842857142857,"Male","BMI"
18.01,-0.056812023038901,-0.14453469077548,0.0309106446976784,180.1,"Male","BMI"
18.0357142857143,-0.0440129908213408,-0.135763750319241,0.0477377686765596,180.357142857143,"Male","BMI"
18.0614285714286,-0.031090487354318,-0.127279735127262,0.0650987604186256,180.614285714286,"Male","BMI"
18.0871428571429,-0.0180490856470714,-0.119083322301435,0.0829851510072922,180.871428571429,"Male","BMI"
18.1128571428571,-0.00489335870884061,-0.11117066410513,0.101383946687449,181.128571428571,"Male","BMI"
18.1385714285714,0.0083721204511325,-0.103534426930141,0.120278667832406,181.385714285714,"Male","BMI"
18.1642857142857,0.0217427788236134,-0.0961647402839615,0.139650297931188,181.642857142857,"Male","BMI"
18.19,0.0352140433993597,-0.0890500099151198,0.159478096713839,181.9,"Male","BMI"
18.2157142857143,0.0487813411691316,-0.0821775784884528,0.179740260826716,182.157142857143,"Male","BMI"
18.2414285714286,0.0624400991236924,-0.0755342378846418,0.200414436132026,182.414285714286,"Male","BMI"
18.2671428571429,0.0761857442538013,-0.0691066093616986,0.221478097869301,182.671428571429,"Male","BMI"
18.2928571428571,0.0900137035502185,-0.0628814132225337,0.242908820322971,182.928571428571,"Male","BMI"
18.3185714285714,0.103919404003703,-0.0568456504555182,0.264684458462924,183.185714285714,"Male","BMI"
18.3442857142857,0.117898272605019,-0.0509867169825604,0.286783262192599,183.442857142857,"Male","BMI"
18.37,0.131945736344926,-0.0452924680879575,0.309183940777809,183.7,"Male","BMI"
18.3957142857143,0.146057222214182,-0.0397512472293089,0.331865691657673,183.957142857143,"Male","BMI"
18.4214285714286,0.160228157203552,-0.0343518902635458,0.354808204670649,184.214285714286,"Male","BMI"
18.4471428571429,0.174453968303794,-0.0290837133932332,0.377991650000821,184.471428571429,"Male","BMI"
18.4728571428571,0.188730082505669,-0.0239364909181139,0.401396655929451,184.728571428571,"Male","BMI"
18.4985714285714,0.203051926799938,-0.0189004271402843,0.425004280740159,184.985714285714,"Male","BMI"
18.5242857142857,0.217414928177358,-0.0139661254531866,0.448795981807903,185.242857142857,"Male","BMI"
18.55,0.231814513628696,-0.00912455666777284,0.472753583925165,185.5,"Male","BMI"
18.5757142857143,0.246246110144709,-0.00436702792003835,0.496859248209457,185.757142857143,"Male","BMI"
18.6014285714286,0.260705144716157,0.000314847001190666,0.521095442431123,186.014285714286,"Male","BMI"
18.6271428571429,0.275187044333804,0.00492917542065924,0.545444913246948,186.271428571429,"Male","BMI"
18.6528571428571,0.289687235988407,0.00948381139388421,0.56989066058293,186.528571428571,"Male","BMI"
18.6785714285714,0.304201146670729,0.0139863790937871,0.594415914247671,186.785714285714,"Male","BMI"
18.7042857142857,0.318724203371528,0.018444293990387,0.619004112752669,187.042857142857,"Male","BMI"
18.73,0.333251833081568,0.0228647819123254,0.643638884250811,187.3,"Male","BMI"
15.67,-0.733778710092578,-1.40299470504408,-0.0645627151410769,156.7,"Male","Height2"
15.6957142857143,-0.715582349870869,-1.36495157355886,-0.0662131261828811,156.957142857143,"Male","Height2"
15.7214285714286,-0.697406249262532,-1.32695309619121,-0.0678594023338556,157.214285714286,"Male","Height2"
15.7471428571429,-0.679270667880944,-1.28903699664484,-0.0695043391170459,157.471428571429,"Male","Height2"
15.7728571428571,-0.661195865339476,-1.2512410299673,-0.0711507007116535,157.728571428571,"Male","Height2"
15.7985714285714,-0.643202101251504,-1.21360298548781,-0.0728012170151928,157.985714285714,"Male","Height2"
15.8242857142857,-0.625309635230399,-1.17616069016038,-0.0744585803004169,158.242857142857,"Male","Height2"
15.85,-0.607538726889538,-1.13895201236663,-0.0761254414124417,158.5,"Male","Height2"
15.8757142857143,-0.589909635842291,-1.10201486624093,-0.0778044054436531,158.757142857143,"Male","Height2"
15.9014285714286,-0.572442621702036,-1.06538721658886,-0.0794980268152101,159.014285714286,"Male","Height2"
15.9271428571429,-0.555157944082143,-1.02910708447997,-0.0812088036843199,159.271428571429,"Male","Height2"
15.9528571428571,-0.538075862595987,-0.993212553605975,-0.0829391715860004,159.528571428571,"Male","Height2"
15.9785714285714,-0.521216636856942,-0.957741777506836,-0.0846914962070482,159.785714285714,"Male","Height2"
16.0042857142857,-0.504600526478381,-0.922732987777966,-0.0864680651787973,160.042857142857,"Male","Height2"
16.03,-0.488247791073681,-0.888224503382572,-0.0882710787647901,160.3,"Male","Height2"
16.0557142857143,-0.472178690256211,-0.854254741201503,-0.0901026393109179,160.557142857143,"Male","Height2"
16.0814285714286,-0.456413483639346,-0.820862227957689,-0.0919647393210028,160.814285714286,"Male","Height2"
16.1071428571429,-0.440972430836462,-0.788085613649615,-0.0938592480233099,161.071428571429,"Male","Height2"
16.1328571428571,-0.42587579146093,-0.755963686613844,-0.0957878963080158,161.328571428571,"Male","Height2"
16.1585714285714,-0.411143825126124,-0.724535390302668,-0.0977522599495813,161.585714285714,"Male","Height2"
16.1842857142857,-0.39679679144542,-0.693839841798356,-0.0997537410924834,161.842857142857,"Male","Height2"
16.21,-0.382854950032191,-0.663916351973972,-0.10179354809041,162.1,"Male","Height2"
16.2357142857143,-0.369338560499808,-0.634804447027145,-0.103872673972471,162.357142857143,"Male","Height2"
16.2614285714286,-0.356267882461647,-0.606543890822072,-0.105991874101222,162.614285714286,"Male","Height2"
16.2871428571429,-0.343663175531081,-0.579174707023461,-0.108151644038701,162.871428571429,"Male","Height2"
16.3128571428571,-0.331544699321486,-0.55273719931983,-0.110352199323143,163.128571428571,"Male","Height2"
16.3385714285714,-0.319932713446232,-0.527271967006463,-0.112593459886002,163.385714285714,"Male","Height2"
16.3642857142857,-0.308847477518695,-0.502819911686219,-0.114875043351171,163.642857142857,"Male","Height2"
16.39,-0.29830925115225,-0.479422228657011,-0.117196273647489,163.9,"Male","Height2"
16.4157142857143,-0.288338293960267,-0.457120373449072,-0.119556214471462,164.157142857143,"Male","Height2"
16.4414285714286,-0.278954865556121,-0.435955989681515,-0.121953741430728,164.414285714286,"Male","Height2"
16.4671428571429,-0.270179225553187,-0.415970778678946,-0.124387672427429,164.671428571429,"Male","Height2"
16.4928571428571,-0.262031633564839,-0.397206284033211,-0.126856983096468,164.928571428571,"Male","Height2"
16.5185714285714,-0.254532349204449,-0.379703555838529,-0.12936114257037,165.185714285714,"Male","Height2"
16.5442857142857,-0.247701632085392,-0.363502650881175,-0.131900613289608,165.442857142857,"Male","Height2"
16.57,-0.241559741821041,-0.348641919437515,-0.134477564204566,165.7,"Male","Height2"
16.5957142857143,-0.23612693802477,-0.335157031826875,-0.137096844222665,165.957142857143,"Male","Height2"
16.6214285714286,-0.231423480309952,-0.323079716935063,-0.139767243684842,166.214285714286,"Male","Height2"
16.6471428571429,-0.227469628289962,-0.312436231637689,-0.142503024942234,166.471428571429,"Male","Height2"
16.6728571428571,-0.224285641578173,-0.303245664664276,-0.14532561849207,166.728571428571,"Male","Height2"
16.6985714285714,-0.221891498734213,-0.295517861672778,-0.148265135795647,166.985714285714,"Male","Height2"
16.7242857142857,-0.22029031509296,-0.289226906365666,-0.151353723820254,167.242857142857,"Male","Height2"
16.75,-0.219459067990933,-0.284300236684667,-0.154617899297199,167.5,"Male","Height2"
16.7757142857143,-0.219372486334683,-0.280659124148374,-0.158085848520992,167.757142857143,"Male","Height2"
16.8014285714286,-0.22000529903076,-0.278223622968464,-0.161786975093057,168.014285714286,"Male","Height2"
16.8271428571429,-0.221332234985717,-0.276914264282759,-0.165750205688675,168.271428571429,"Male","Height2"
16.8528571428571,-0.223328023106104,-0.276653921200629,-0.170002125011579,168.528571428571,"Male","Height2"
16.8785714285714,-0.225967392298472,-0.277369619268927,-0.174565165328016,168.785714285714,"Male","Height2"
16.9042857142857,-0.229225071469373,-0.278994076225627,-0.179456066713118,169.042857142857,"Male","Height2"
16.93,-0.233075789525358,-0.281466806376018,-0.184684772674697,169.3,"Male","Height2"
16.9557142857143,-0.237494275372977,-0.284734697509426,-0.190253853236529,169.557142857143,"Male","Height2"
16.9814285714286,-0.242455257918783,-0.288752039280663,-0.196158476556902,169.814285714286,"Male","Height2"
17.0071428571429,-0.247933466069326,-0.293480036962618,-0.202386895176033,170.071428571429,"Male","Height2"
17.0328571428571,-0.253903628731158,-0.298885880427119,-0.208921377035197,170.328571428571,"Male","Height2"
17.0585714285714,-0.260340474810829,-0.304941460507972,-0.215739489113685,170.585714285714,"Male","Height2"
17.0842857142857,-0.267218733214891,-0.311621841347458,-0.222815625082323,170.842857142857,"Male","Height2"
17.11,-0.274513132849896,-0.318903612655461,-0.23012265304433,171.1,"Male","Height2"
17.1357142857143,-0.282198402622394,-0.326763258747593,-0.237633546497194,171.357142857143,"Male","Height2"
17.1614285714286,-0.290249271438935,-0.335175685084503,-0.245322857793366,171.614285714286,"Male","Height2"
17.1871428571429,-0.298640468206073,-0.344113029596756,-0.253167906815389,171.871428571429,"Male","Height2"
17.2128571428571,-0.307346721830358,-0.353543851125572,-0.261149592535144,172.128571428571,"Male","Height2"
17.2385714285714,-0.316342761218341,-0.363432734680156,-0.269252787756525,172.385714285714,"Male","Height2"
17.2642857142857,-0.325603315276572,-0.37374029462759,-0.277466335925553,172.642857142857,"Male","Height2"
17.29,-0.335103112911604,-0.384423507215998,-0.28578271860721,172.9,"Male","Height2"
17.3157142857143,-0.344816883029988,-0.39543627437066,-0.294197491689316,173.157142857143,"Male","Height2"
17.3414285714286,-0.354719354538275,-0.406730115112272,-0.302708593964278,173.414285714286,"Male","Height2"
17.3671428571429,-0.364785256343015,-0.418254895084456,-0.311315617601573,173.671428571429,"Male","Height2"
17.3928571428571,-0.374989317350761,-0.429959530056192,-0.32001910464533,173.928571428571,"Male","Height2"
17.4185714285714,-0.385306266468063,-0.441792627221965,-0.328819905714161,174.185714285714,"Male","Height2"
17.4442857142857,-0.395710832601472,-0.453703052582454,-0.337718612620489,174.442857142857,"Male","Height2"
17.47,-0.40617774465754,-0.465640430900087,-0.346715058414993,174.7,"Male","Height2"
17.4957142857143,-0.416681731542818,-0.477555596580403,-0.355807866505234,174.957142857143,"Male","Height2"
17.5214285714286,-0.427197522163858,-0.489401020699816,-0.3649940236279,175.214285714286,"Male","Height2"
17.5471428571429,-0.437699845427208,-0.501131243113882,-0.374268447740534,175.471428571429,"Male","Height2"
17.5728571428571,-0.448163430239423,-0.512703340809127,-0.38362351966972,175.728571428571,"Male","Height2"
17.5985714285714,-0.458563005507053,-0.524077465639355,-0.393048545374751,175.985714285714,"Male","Height2"
17.6242857142857,-0.468873300136649,-0.535217487023814,-0.402529113249483,176.242857142857,"Male","Height2"
17.65,-0.47906904303476,-0.546091778217917,-0.412046307851603,176.5,"Male","Height2"
17.6757142857143,-0.489124963107941,-0.556674187831741,-0.42157573838414,176.757142857143,"Male","Height2"
17.7014285714286,-0.499015789262741,-0.566945239773078,-0.431086338752404,177.014285714286,"Male","Height2"
17.7271428571429,-0.508717745841441,-0.576896486413068,-0.440539005269814,177.271428571429,"Male","Height2"
17.7528571428571,-0.518224441626677,-0.586561987965402,-0.449886895287952,177.528571428571,"Male","Height2"
17.7785714285714,-0.527540701169061,-0.596004706580416,-0.459076695757705,177.785714285714,"Male","Height2"
17.8042857142857,-0.536671535948666,-0.6052941964791,-0.468048875418231,178.042857142857,"Male","Height2"
17.83,-0.545621957445565,-0.614505401231948,-0.476738513659183,178.3,"Male","Height2"
17.8557142857143,-0.554396977139838,-0.623717161610681,-0.485076792668995,178.557142857143,"Male","Height2"
17.8814285714286,-0.563001606511557,-0.633009957239934,-0.49299325578318,178.814285714286,"Male","Height2"
17.9071428571429,-0.571440857040798,-0.642462907323533,-0.500418806758062,179.071428571429,"Male","Height2"
17.9328571428571,-0.579719740207634,-0.652150253220453,-0.507289227194815,179.328571428571,"Male","Height2"
17.9585714285714,-0.587843267492143,-0.662137755107768,-0.513548779876519,179.585714285714,"Male","Height2"
17.9842857142857,-0.595816450374399,-0.672479569550509,-0.51915333119829,179.842857142857,"Male","Height2"
18.01,-0.603644300334476,-0.683216151024606,-0.524072449644347,180.1,"Male","Height2"
18.0357142857143,-0.611331828852452,-0.69437351610279,-0.528290141602114,180.357142857143,"Male","Height2"
18.0614285714286,-0.618884047408399,-0.705963892963053,-0.531804201853746,180.614285714286,"Male","Height2"
18.0871428571429,-0.626305967482394,-0.717987478104111,-0.534624456860678,180.871428571429,"Male","Height2"
18.1128571428571,-0.633602600554512,-0.730434846337105,-0.536770354771918,181.128571428571,"Male","Height2"
18.1385714285714,-0.640778958104825,-0.743289544171336,-0.538268372038315,181.385714285714,"Male","Height2"
18.1642857142857,-0.647840051613413,-0.756530500677196,-0.539149602549631,181.642857142857,"Male","Height2"
18.19,-0.654790892560348,-0.770134041618621,-0.539447743502076,181.9,"Male","Height2"
18.2157142857143,-0.661636492425705,-0.784075431499032,-0.539197553352379,182.157142857143,"Male","Height2"
18.2414285714286,-0.668381862689562,-0.798329964303554,-0.538433761075569,182.414285714286,"Male","Height2"
18.2671428571429,-0.675032014831991,-0.812873674185462,-0.53719035547852,182.671428571429,"Male","Height2"
18.2928571428571,-0.681591960333068,-0.827683753184909,-0.535500167481227,182.928571428571,"Male","Height2"
18.3185714285714,-0.688066710672868,-0.842738758308739,-0.533394663036996,183.185714285714,"Male","Height2"
18.3442857142857,-0.694461277331466,-0.858018676246484,-0.530903878416449,183.442857142857,"Male","Height2"
18.37,-0.700780671788939,-0.873504897791743,-0.528056445786135,183.7,"Male","Height2"
18.3957142857143,-0.707029905525359,-0.889180139324085,-0.524879671726633,183.957142857143,"Male","Height2"
18.4214285714286,-0.713213990020804,-0.9050283368454,-0.521399643196207,184.214285714286,"Male","Height2"
18.4471428571429,-0.719337936755347,-0.921034529184287,-0.517641344326407,184.471428571429,"Male","Height2"
18.4728571428571,-0.725406757209064,-0.937184740670445,-0.513628773747683,184.728571428571,"Male","Height2"
18.4985714285714,-0.73142546286203,-0.953465869273892,-0.509385056450169,184.985714285714,"Male","Height2"
18.5242857142857,-0.73739906519432,-0.969865583367274,-0.504932547021366,185.242857142857,"Male","Height2"
18.55,-0.743332575686009,-0.98637222846617,-0.500292922905849,185.5,"Male","Height2"
18.5757142857143,-0.749231005817173,-1.00297474420126,-0.495487267433087,185.757142857143,"Male","Height2"
18.6014285714286,-0.755099367067886,-1.01966259113973,-0.490536142996038,186.014285714286,"Male","Height2"
18.6271428571429,-0.760942670918223,-1.03642568673578,-0.485459655100667,186.271428571429,"Male","Height2"
18.6528571428571,-0.76676592884826,-1.05325434953965,-0.480277508156866,186.528571428571,"Male","Height2"
18.6785714285714,-0.772574152338072,-1.07013925075779,-0.475009053918354,186.785714285714,"Male","Height2"
18.7042857142857,-0.778372352867733,-1.08707137228441,-0.469673333451054,187.042857142857,"Male","Height2"
18.73,-0.78416554191732,-1.10404197038793,-0.464289113446711,187.3,"Male","Height2"
15.67,-0.646212908188681,-1.31454712053339,0.0221213041560313,156.7,"Male","Allometry"
15.6957142857143,-0.629559948197189,-1.27807979340694,0.0189598970125617,156.957142857143,"Male","Allometry"
15.7214285714286,-0.61292686117734,-1.24165669816276,0.0158029758080775,157.214285714286,"Male","Allometry"
15.7471428571429,-0.596333520100781,-1.20531513450655,0.0126480943049918,157.471428571429,"Male","Allometry"
15.7728571428571,-0.579799797939156,-1.16909243347535,0.00949283759704012,157.728571428571,"Male","Allometry"
15.7985714285714,-0.56334556766411,-1.13302596037209,0.00633482504387284,157.985714285714,"Male","Allometry"
15.8242857142857,-0.546990702247286,-1.09715311810443,0.00317171360986268,158.242857142857,"Male","Allometry"
15.85,-0.530755074660332,-1.06151135098213,1.20166146921896e-06,158.5,"Male","Allometry"
15.8757142857143,-0.514658557874889,-1.02613814903507,-0.00317896671471085,158.757142857143,"Male","Allometry"
15.9014285714286,-0.498721024862604,-0.991071052922837,-0.00637099680237213,159.014285714286,"Male","Allometry"
15.9271428571429,-0.482962348595121,-0.956347659516219,-0.00957703767402263,159.271428571429,"Male","Allometry"
15.9528571428571,-0.467402402044085,-0.922005628241316,-0.012799175846854,159.528571428571,"Male","Allometry"
15.9785714285714,-0.45206105818114,-0.888082688287921,-0.0160394280743589,159.785714285714,"Male","Allometry"
16.0042857142857,-0.436958189977931,-0.854616646794752,-0.0192997331611096,160.042857142857,"Male","Allometry"
16.03,-0.422113670406104,-0.821645398134356,-0.0225819426778526,160.3,"Male","Allometry"
16.0557142857143,-0.407547372437301,-0.789206934428837,-0.0258878104457654,160.557142857143,"Male","Allometry"
16.0814285714286,-0.393279169043168,-0.757339357431926,-0.0292189806544099,160.814285714286,"Male","Allometry"
16.1071428571429,-0.379328933195352,-0.726080891909876,-0.0325769744808277,161.071428571429,"Male","Allometry"
16.1328571428571,-0.365716537865493,-0.695469900638824,-0.0359631750921622,161.328571428571,"Male","Allometry"
16.1585714285714,-0.352461856025238,-0.665544901101841,-0.0393788109486359,161.585714285714,"Male","Allometry"
16.1842857142857,-0.339584760646232,-0.636344583903679,-0.0428249373887855,161.842857142857,"Male","Allometry"
16.21,-0.327105124700122,-0.607907832809122,-0.0463024165911213,162.1,"Male","Allometry"
16.2357142857143,-0.315042821158547,-0.580273746126652,-0.0498118961904421,162.357142857143,"Male","Allometry"
16.2614285714286,-0.303417722993156,-0.553481658867544,-0.0533537871187673,162.614285714286,"Male","Allometry"
16.2871428571429,-0.292249703175592,-0.527571164658718,-0.0569282416924649,162.871428571429,"Male","Allometry"
16.3128571428571,-0.281558634677501,-0.502582135701863,-0.0605351336531385,163.128571428571,"Male","Allometry"
16.3385714285714,-0.271364390470526,-0.478554738045874,-0.0641740428951776,163.385714285714,"Male","Allometry"
16.3642857142857,-0.261686843526312,-0.455529437931295,-0.0678442491213295,163.642857142857,"Male","Allometry"
16.39,-0.252545866816506,-0.433546992783433,-0.0715447408495788,163.9,"Male","Allometry"
16.4157142857143,-0.243961333312749,-0.412648417337983,-0.0752742492875151,164.157142857143,"Male","Allometry"
16.4414285714286,-0.235953115986688,-0.392874911110862,-0.0790313208625142,164.414285714286,"Male","Allometry"
16.4671428571429,-0.228541087809967,-0.374267727728882,-0.0828144478910517,164.671428571429,"Male","Allometry"
16.4928571428571,-0.221745121754232,-0.356867959431844,-0.0866222840766198,164.928571428571,"Male","Allometry"
16.5185714285714,-0.215585090791125,-0.340716201667443,-0.0904539799148068,165.185714285714,"Male","Allometry"
16.5442857142857,-0.210080867892293,-0.325852054335373,-0.094309681449212,165.442857142857,"Male","Allometry"
16.57,-0.205252326029379,-0.312313410688751,-0.0981912413700069,165.7,"Male","Allometry"
16.5957142857143,-0.201119338174029,-0.300135487428916,-0.102103188919143,165.957142857143,"Male","Allometry"
16.6214285714286,-0.197701777297888,-0.28934956851315,-0.106053986082626,166.214285714286,"Male","Allometry"
16.6471428571429,-0.195019516372598,-0.279981481590236,-0.110057551154961,166.471428571429,"Male","Allometry"
16.6728571428571,-0.193092428369807,-0.272049909929645,-0.11413494680997,166.728571428571,"Male","Allometry"
16.6985714285714,-0.191940111381549,-0.265564331645303,-0.118315891117796,166.985714285714,"Male","Allometry"
16.7242857142857,-0.19156567072333,-0.26049890001734,-0.12263244142932,167.242857142857,"Male","Allometry"
16.75,-0.191946647907033,-0.256781770645046,-0.127111525169019,167.5,"Male","Allometry"
16.7757142857143,-0.19305838540767,-0.254334997140073,-0.131781773675266,167.757142857143,"Male","Allometry"
16.8014285714286,-0.194876225700253,-0.253079416260862,-0.136673035139644,168.014285714286,"Male","Allometry"
16.8271428571429,-0.197375511259796,-0.25293633040587,-0.141814692113721,168.271428571429,"Male","Allometry"
16.8528571428571,-0.20053158456131,-0.253829361397767,-0.147233807724853,168.528571428571,"Male","Allometry"
16.8785714285714,-0.204319788079807,-0.255686252488633,-0.152953323670981,168.785714285714,"Male","Allometry"
16.9042857142857,-0.208715464290302,-0.258440404195277,-0.158990524385326,169.042857142857,"Male","Allometry"
16.93,-0.213693955667805,-0.262031980067928,-0.165355931267682,169.3,"Male","Allometry"
16.9557142857143,-0.219230604687329,-0.266408490071616,-0.172052719303043,169.557142857143,"Male","Allometry"
16.9814285714286,-0.225300753823887,-0.271524829482394,-0.179076678165379,169.814285714286,"Male","Allometry"
17.0071428571429,-0.23187974555249,-0.27734280569049,-0.18641668541449,170.071428571429,"Male","Allometry"
17.0328571428571,-0.238942922348152,-0.283830220984035,-0.19405562371227,170.328571428571,"Male","Allometry"
17.0585714285714,-0.246465626685884,-0.290959601556117,-0.201971651815651,170.585714285714,"Male","Allometry"
17.0842857142857,-0.2544232010407,-0.298706679439282,-0.210139722642119,170.842857142857,"Male","Allometry"
17.11,-0.262790987887612,-0.307048749653278,-0.218533226121946,171.1,"Male","Allometry"
17.1357142857143,-0.271544329701632,-0.315963038402032,-0.227125621001231,171.357142857143,"Male","Allometry"
17.1614285714286,-0.280658568957771,-0.325425222999337,-0.235891914916204,171.614285714286,"Male","Allometry"
17.1871428571429,-0.290109048131044,-0.335408231941035,-0.244809864321052,171.871428571429,"Male","Allometry"
17.2128571428571,-0.299871109696462,-0.345881419586573,-0.253860799806351,172.128571428571,"Male","Allometry"
17.2385714285714,-0.309920096129037,-0.356810157726059,-0.263030034532016,172.385714285714,"Male","Allometry"
17.2642857142857,-0.320231349903782,-0.368155827434596,-0.272306872372968,172.642857142857,"Male","Allometry"
17.29,-0.33078021349571,-0.379876144016299,-0.281684282975122,172.9,"Male","Allometry"
17.3157142857143,-0.341542029379833,-0.391925717272741,-0.291158341486926,173.157142857143,"Male","Allometry"
17.3414285714286,-0.352492140031164,-0.404256742806583,-0.300727537255744,173.414285714286,"Male","Allometry"
17.3671428571429,-0.363605887924712,-0.416819733683209,-0.310392042166215,173.671428571429,"Male","Allometry"
17.3928571428571,-0.374858615535494,-0.429564227052919,-0.320153004018069,173.928571428571,"Male","Allometry"
17.4185714285714,-0.386225665338521,-0.442439428491499,-0.330011902185542,174.185714285714,"Male","Allometry"
17.4442857142857,-0.397682379808802,-0.45539478160049,-0.339969978017114,174.442857142857,"Male","Allometry"
17.47,-0.409204101421355,-0.468380468934637,-0.350027733908073,174.7,"Male","Allometry"
17.4957142857143,-0.42076617265119,-0.481347862415761,-0.360184482886618,174.957142857143,"Male","Allometry"
17.5214285714286,-0.432343935973318,-0.49424994840231,-0.370437923544326,175.214285714286,"Male","Allometry"
17.5471428571429,-0.443912733862752,-0.507041756359293,-0.38078371136621,175.471428571429,"Male","Allometry"
17.5728571428571,-0.455447908794506,-0.519680822315662,-0.391214995273349,175.728571428571,"Male","Allometry"
17.5985714285714,-0.466924803243591,-0.5321277202712,-0.401721886215981,175.985714285714,"Male","Allometry"
17.6242857142857,-0.47831875968502,-0.544346697165488,-0.412290822204552,176.242857142857,"Male","Allometry"
17.65,-0.489605120593804,-0.556306450123448,-0.422903791064159,176.5,"Male","Allometry"
17.6757142857143,-0.500759228444957,-0.56798108792874,-0.433537368961175,176.757142857143,"Male","Allometry"
17.7014285714286,-0.511756425713492,-0.579351320522867,-0.444161530904117,177.014285714286,"Male","Allometry"
17.7271428571429,-0.522573508804214,-0.590408759754919,-0.45473825785351,177.271428571429,"Male","Allometry"
17.7528571428571,-0.533204176055785,-0.601186951103622,-0.465221401007949,177.528571428571,"Male","Allometry"
17.7785714285714,-0.543653030280327,-0.61174799411579,-0.475558066444863,177.785714285714,"Male","Allometry"
17.8042857142857,-0.55392485603118,-0.622160588720402,-0.485689123341959,178.042857142857,"Male","Allometry"
17.83,-0.564024437861687,-0.6324988785311,-0.495549997192275,178.3,"Male","Allometry"
17.8557142857143,-0.573956560325193,-0.642841008422716,-0.505072112227671,178.557142857143,"Male","Allometry"
17.8814285714286,-0.58372600797504,-0.653266918627367,-0.514185097322714,178.814285714286,"Male","Allometry"
17.9071428571429,-0.593337565364571,-0.663855389835382,-0.52281974089376,179.071428571429,"Male","Allometry"
17.9328571428571,-0.602796017047127,-0.674680548995145,-0.530911485099108,179.328571428571,"Male","Allometry"
17.9585714285714,-0.612106147576053,-0.685808257326488,-0.538404037825619,179.585714285714,"Male","Allometry"
17.9842857142857,-0.621272741504692,-0.697292944582045,-0.54525253842734,179.842857142857,"Male","Allometry"
18.01,-0.630300583386385,-0.709175440851593,-0.551425725921178,180.1,"Male","Allometry"
18.0357142857143,-0.639194457774478,-0.721482161690404,-0.556906753858552,180.357142857143,"Male","Allometry"
18.0614285714286,-0.647959149222312,-0.73422568818592,-0.561692610258703,180.614285714286,"Male","Allometry"
18.0871428571429,-0.656599442283229,-0.747406477143129,-0.56579240742333,180.871428571429,"Male","Allometry"
18.1128571428571,-0.665120121510574,-0.761015251326459,-0.569224991694689,181.128571428571,"Male","Allometry"
18.1385714285714,-0.673525971457688,-0.775035595555688,-0.572016347359687,181.385714285714,"Male","Allometry"
18.1642857142857,-0.681821776677915,-0.789446384374498,-0.574197168981332,181.642857142857,"Male","Allometry"
18.19,-0.690012321724598,-0.804223818739603,-0.575800824709594,181.9,"Male","Allometry"
18.2157142857143,-0.698102391151079,-0.819342990339186,-0.576861791962973,182.157142857143,"Male","Allometry"
18.2414285714286,-0.706096769510703,-0.834778991061379,-0.577414547960027,182.414285714286,"Male","Allometry"
18.2671428571429,-0.714000241356811,-0.850507637782987,-0.577492844930635,182.671428571429,"Male","Allometry"
18.2928571428571,-0.721817591242746,-0.866505899800155,-0.577129282685338,182.928571428571,"Male","Allometry"
18.3185714285714,-0.729553603721851,-0.882752112046551,-0.576355095397151,183.185714285714,"Male","Allometry"
18.3442857142857,-0.73721306334747,-0.899226043314101,-0.57520008338084,183.442857142857,"Male","Allometry"
18.37,-0.744800754672946,-0.915908872380145,-0.573692636965746,183.7,"Male","Allometry"
18.3957142857143,-0.752321462251619,-0.932783110046936,-0.571859814456302,183.957142857143,"Male","Allometry"
18.4214285714286,-0.759779970636836,-0.949832493054259,-0.569727448219412,184.214285714286,"Male","Allometry"
18.4471428571429,-0.767181064381937,-0.96704186679329,-0.567320261970584,184.471428571429,"Male","Allometry"
18.4728571428571,-0.774529528040266,-0.984397067324424,-0.564661988756108,184.728571428571,"Male","Allometry"
18.4985714285714,-0.781830146165166,-1.00188480881517,-0.561775483515159,184.985714285714,"Male","Allometry"
18.5242857142857,-0.789087703309979,-1.01949257962482,-0.558682826995136,185.242857142857,"Male","Allometry"
18.55,-0.79630698402805,-1.0372085484256,-0.555405419630498,185.5,"Male","Allometry"
18.5757142857143,-0.80349277287272,-1.05502148062858,-0.551964065116857,185.757142857143,"Male","Allometry"
18.6014285714286,-0.810649854397332,-1.0729206647342,-0.548379044060468,186.014285714286,"Male","Allometry"
18.6271428571429,-0.817783013155229,-1.09089584788322,-0.544670178427236,186.271428571429,"Male","Allometry"
18.6528571428571,-0.824897033699756,-1.10893717973081,-0.540856887668697,186.528571428571,"Male","Allometry"
18.6785714285714,-0.831996700584253,-1.12703516372784,-0.536958237440665,186.785714285714,"Male","Allometry"
18.7042857142857,-0.839086798362064,-1.14518061492196,-0.532992981802171,187.042857142857,"Male","Allometry"
18.73,-0.846172111586533,-1.16336462345409,-0.52897959971897,187.3,"Male","Allometry"
15.67,-0.45985482514495,-1.08314592467256,0.163436274382661,156.7,"Male","Conditional"
15.6957142857143,-0.454722997041584,-1.05932287374919,0.149876879666021,156.957142857143,"Male","Conditional"
15.7214285714286,-0.449597950489904,-1.03553013322601,0.136334232246202,157.214285714286,"Male","Conditional"
15.7471428571429,-0.444486467041596,-1.01179126791303,0.122818333829834,157.471428571429,"Male","Conditional"
15.7728571428571,-0.439395328248347,-0.988129874329318,0.109339217832625,157.728571428571,"Male","Conditional"
15.7985714285714,-0.434331315661842,-0.964569583763047,0.095906952439363,157.985714285714,"Male","Conditional"
15.8242857142857,-0.429301210833768,-0.941134065768311,0.0825316441007754,158.242857142857,"Male","Conditional"
15.85,-0.424311795315811,-0.917847032160388,0.0692234415287663,158.5,"Male","Conditional"
15.8757142857143,-0.419369850659656,-0.89473224158016,0.0559925402608478,158.757142857143,"Male","Conditional"
15.9014285714286,-0.414482158416991,-0.871813504709304,0.0428491878753209,159.014285714286,"Male","Conditional"
15.9271428571429,-0.409655500139502,-0.849114690229651,0.0298036899506478,159.271428571429,"Male","Conditional"
15.9528571428571,-0.404896657378874,-0.826659731633512,0.0168664168757646,159.528571428571,"Male","Conditional"
15.9785714285714,-0.400212411686793,-0.804472635006003,0.00404781163241713,159.785714285714,"Male","Conditional"
16.0042857142857,-0.395609544614946,-0.782577487915747,-0.00864160131414415,160.042857142857,"Male","Conditional"
16.03,-0.391094837715019,-0.76099846956554,-0.0211912058644978,160.3,"Male","Conditional"
16.0557142857143,-0.386675072538698,-0.739759862368865,-0.0335902827085305,160.557142857143,"Male","Conditional"
16.0814285714286,-0.382357030637669,-0.718886065129368,-0.0458279961459698,160.814285714286,"Male","Conditional"
16.1071428571429,-0.378147493563619,-0.69840160800516,-0.0578933791220773,161.071428571429,"Male","Conditional"
16.1328571428571,-0.374053242868233,-0.678331169433331,-0.0697753163031339,161.328571428571,"Male","Conditional"
16.1585714285714,-0.370081060103197,-0.658699595164032,-0.0814625250423617,161.585714285714,"Male","Conditional"
16.1842857142857,-0.366237726820198,-0.639531919495713,-0.0929435341446833,161.842857142857,"Male","Conditional"
16.21,-0.362530024570923,-0.620853388695149,-0.104206660446697,162.1,"Male","Conditional"
16.2357142857143,-0.358964734907056,-0.602689486399402,-0.11523998341471,162.357142857143,"Male","Conditional"
16.2614285714286,-0.355548639380284,-0.585065960490346,-0.126031318270222,162.614285714286,"Male","Conditional"
16.2871428571429,-0.352288519542294,-0.568008850444028,-0.13656818864056,162.871428571429,"Male","Conditional"
16.3128571428571,-0.349191156944772,-0.55154451339796,-0.146837800491583,163.128571428571,"Male","Conditional"
16.3385714285714,-0.346263333139402,-0.535699646021772,-0.156827020257032,163.385714285714,"Male","Conditional"
16.3642857142857,-0.343511829677873,-0.520501297544106,-0.16652236181164,163.642857142857,"Male","Conditional"
16.39,-0.34094342811187,-0.505976866744893,-0.175909989478847,163.9,"Male","Conditional"
16.4157142857143,-0.338564909993078,-0.492154072070942,-0.184975747915214,164.157142857143,"Male","Conditional"
16.4414285714286,-0.336383056873185,-0.479060878939803,-0.193705234806567,164.414285714286,"Male","Conditional"
16.4671428571429,-0.334404650303876,-0.4667253614671,-0.202083939140653,164.671428571429,"Male","Conditional"
16.4928571428571,-0.332636471836838,-0.455175467212164,-0.210097476461512,164.928571428571,"Male","Conditional"
16.5185714285714,-0.331085303023756,-0.444438643597142,-0.217731962450371,165.185714285714,"Male","Conditional"
16.5442857142857,-0.329757925416317,-0.434541275150898,-0.224974575681737,165.442857142857,"Male","Conditional"
16.57,-0.328661120566207,-0.42550787556966,-0.231814365562754,165.7,"Male","Conditional"
16.5957142857143,-0.327801670025113,-0.417359984944797,-0.238243355105428,165.957142857143,"Male","Conditional"
16.6214285714286,-0.327186355344719,-0.410114751361577,-0.244257959327861,166.214285714286,"Male","Conditional"
16.6471428571429,-0.326821958076712,-0.403783240649904,-0.249860675503521,166.471428571429,"Male","Conditional"
16.6728571428571,-0.32671525977278,-0.3983686279367,-0.25506189160886,166.728571428571,"Male","Conditional"
16.6985714285714,-0.326872899958318,-0.393864280860659,-0.259881519055977,166.985714285714,"Male","Conditional"
16.7242857142857,-0.327292996581436,-0.390236171071649,-0.264349822091223,167.242857142857,"Male","Conditional"
16.75,-0.327960459145439,-0.387417295398935,-0.268503622891943,167.5,"Male","Conditional"
16.7757142857143,-0.32885906094333,-0.385336043015885,-0.272382078870775,167.757142857143,"Male","Conditional"
16.8014285714286,-0.32997257526811,-0.383920356819521,-0.276024793716699,168.014285714286,"Male","Conditional"
16.8271428571429,-0.33128477541278,-0.383099745268642,-0.279469805556919,168.271428571429,"Male","Conditional"
16.8528571428571,-0.332779434670343,-0.382807314771493,-0.282751554569194,168.528571428571,"Male","Conditional"
16.8785714285714,-0.334440326333799,-0.382981556040421,-0.285899096627178,168.785714285714,"Male","Conditional"
16.9042857142857,-0.336251223696151,-0.383567672552323,-0.28893477483998,169.042857142857,"Male","Conditional"
16.93,-0.3381959000504,-0.384518328797758,-0.291873471303042,169.3,"Male","Conditional"
16.9557142857143,-0.340258128689547,-0.385793788722498,-0.294722468656596,169.557142857143,"Male","Conditional"
16.9814285714286,-0.342421682906594,-0.387361487987152,-0.297481877826037,169.814285714286,"Male","Conditional"
17.0071428571429,-0.344670335994543,-0.389195129997785,-0.300145541991302,170.071428571429,"Male","Conditional"
17.0328571428571,-0.346987861246396,-0.391273419900234,-0.302702302592558,170.328571428571,"Male","Conditional"
17.0585714285714,-0.349358031955153,-0.393578562343793,-0.305137501566512,170.585714285714,"Male","Conditional"
17.0842857142857,-0.351764621413816,-0.396094655033499,-0.307434587794134,170.842857142857,"Male","Conditional"
17.11,-0.354191402915388,-0.398806112438099,-0.309576693392678,171.1,"Male","Conditional"
17.1357142857143,-0.356622149752869,-0.401696248822084,-0.311548050683655,171.357142857143,"Male","Conditional"
17.1614285714286,-0.359040635219261,-0.404746131622022,-0.313335138816501,171.614285714286,"Male","Conditional"
17.1871428571429,-0.361430632607567,-0.407933782517744,-0.314927482697389,171.871428571429,"Male","Conditional"
17.2128571428571,-0.363775915210786,-0.411233757716255,-0.316318072705317,172.128571428571,"Male","Conditional"
17.2385714285714,-0.366060256321921,-0.414617089998958,-0.317503422644885,172.385714285714,"Male","Conditional"
17.2642857142857,-0.368267429233974,-0.418051534092884,-0.318483324375064,172.642857142857,"Male","Conditional"
17.29,-0.370381207239946,-0.421502032367743,-0.319260382112149,172.9,"Male","Conditional"
17.3157142857143,-0.372385363632839,-0.424931312427586,-0.319839414838091,173.157142857143,"Male","Conditional"
17.3414285714286,-0.374263671705654,-0.428300538777271,-0.320226804634036,173.414285714286,"Male","Conditional"
17.3671428571429,-0.375999904751392,-0.431569960960477,-0.320429848542307,173.671428571429,"Male","Conditional"
17.3928571428571,-0.377577836063056,-0.434699523624481,-0.320456148501632,173.928571428571,"Male","Conditional"
17.4185714285714,-0.378981238933648,-0.437649424892479,-0.320313052974817,174.185714285714,"Male","Conditional"
17.4442857142857,-0.380193886656167,-0.44038062571417,-0.320007147598164,174.442857142857,"Male","Conditional"
17.47,-0.381199552523617,-0.442855324099308,-0.319543780947926,174.7,"Male","Conditional"
17.4957142857143,-0.381982009828999,-0.445037415150409,-0.318926604507588,174.957142857143,"Male","Conditional"
17.5214285714286,-0.382525031865314,-0.446892961904638,-0.318157101825989,175.214285714286,"Male","Conditional"
17.5471428571429,-0.382812391925563,-0.448390704414329,-0.317234079436797,175.471428571429,"Male","Conditional"
17.5728571428571,-0.38282786330275,-0.449502636137974,-0.316153090467525,175.728571428571,"Male","Conditional"
17.5985714285714,-0.382555219289874,-0.450204677991751,-0.314905760587998,175.985714285714,"Male","Conditional"
17.6242857142857,-0.381978233179938,-0.450477481156167,-0.313478985203709,176.242857142857,"Male","Conditional"
17.65,-0.381080678265943,-0.450307389036668,-0.311853967495219,176.5,"Male","Conditional"
17.6757142857143,-0.379846327840892,-0.449687584732558,-0.310005070949225,176.757142857143,"Male","Conditional"
17.7014285714286,-0.378258955197784,-0.448619439676644,-0.307898470718924,177.014285714286,"Male","Conditional"
17.7271428571429,-0.376303601375909,-0.447116618218015,-0.305490584533803,177.271428571429,"Male","Conditional"
17.7528571428571,-0.373980044965142,-0.445232751793642,-0.302727338136642,177.528571428571,"Male","Conditional"
17.7785714285714,-0.371297572652509,-0.44304780754639,-0.299547337758627,177.785714285714,"Male","Conditional"
17.8042857142857,-0.368265629593321,-0.440646998188013,-0.295884260998628,178.042857142857,"Male","Conditional"
17.83,-0.364893660942891,-0.438118473208853,-0.29166884867693,178.3,"Male","Conditional"
17.8557142857143,-0.361191111856532,-0.435550583857955,-0.286831639855109,178.557142857143,"Male","Conditional"
17.8814285714286,-0.357167427489556,-0.433028523659637,-0.281306331319474,178.814285714286,"Male","Conditional"
17.9071428571429,-0.352832052997274,-0.430630679517531,-0.275033426477017,179.071428571429,"Male","Conditional"
17.9328571428571,-0.348194433535,-0.428425198388944,-0.267963668681057,179.328571428571,"Male","Conditional"
17.9585714285714,-0.343264014258045,-0.426467325057105,-0.260060703458986,179.585714285714,"Male","Conditional"
17.9842857142857,-0.338050240321723,-0.42479794726119,-0.251302533382255,179.842857142857,"Male","Conditional"
18.01,-0.332562556881344,-0.423443521893024,-0.241681591869665,180.1,"Male","Conditional"
18.0357142857143,-0.326810409092222,-0.422417249721582,-0.231203568462862,180.357142857143,"Male","Conditional"
18.0614285714286,-0.320803242109668,-0.421721132966619,-0.219885351252717,180.614285714286,"Male","Conditional"
18.0871428571429,-0.314550501088995,-0.421348458634502,-0.207752543543488,180.871428571429,"Male","Conditional"
18.1128571428571,-0.308061631185515,-0.421286295514622,-0.194836966856408,181.128571428571,"Male","Conditional"
18.1385714285714,-0.301346077554542,-0.421517718023848,-0.181174437085235,181.385714285714,"Male","Conditional"
18.1642857142857,-0.294413285351385,-0.422023611374819,-0.166802959327951,181.642857142857,"Male","Conditional"
18.19,-0.287272699731358,-0.422784026822162,-0.151761372640554,181.9,"Male","Conditional"
18.2157142857143,-0.279933765849775,-0.423779127651129,-0.136088404048421,182.157142857143,"Male","Conditional"
18.2414285714286,-0.272405928861945,-0.424989800009917,-0.119822057713973,182.414285714286,"Male","Conditional"
18.2671428571429,-0.264698633923182,-0.426398009468388,-0.102999258377975,182.671428571429,"Male","Conditional"
18.2928571428571,-0.256821326188798,-0.427986976268067,-0.085655676109528,182.928571428571,"Male","Conditional"
18.3185714285714,-0.248783450814106,-0.429741228391951,-0.0678256732362613,183.185714285714,"Male","Conditional"
18.3442857142857,-0.240594452954417,-0.431646577048622,-0.0495423288602123,183.442857142857,"Male","Conditional"
18.37,-0.232263777765044,-0.433690046437951,-0.0308375090921367,183.7,"Male","Conditional"
18.3957142857143,-0.2238008704013,-0.435859779569085,-0.011741961233515,183.957142857143,"Male","Conditional"
18.4214285714286,-0.215215176018496,-0.438144934387137,0.00771458235014549,184.214285714286,"Male","Conditional"
18.4471428571429,-0.206516139771944,-0.440535579124558,0.0275032995806703,184.471428571429,"Male","Conditional"
18.4728571428571,-0.197713206816957,-0.443022592134217,0.0475961785003027,184.728571428571,"Male","Conditional"
18.4985714285714,-0.188815822308848,-0.445597569034078,0.067965924416383,184.985714285714,"Male","Conditional"
18.5242857142857,-0.179833431402929,-0.448252738434622,0.0885858756287642,185.242857142857,"Male","Conditional"
18.55,-0.170775479254511,-0.450980886555375,0.109429928046353,185.5,"Male","Conditional"
18.5757142857143,-0.161651411018907,-0.453775290468368,0.130472468430554,185.757142857143,"Male","Conditional"
18.6014285714286,-0.15247067185143,-0.456629659395785,0.151688315692925,186.014285714286,"Male","Conditional"
18.6271428571429,-0.143242706907391,-0.459538083342206,0.173052669527423,186.271428571429,"Male","Conditional"
18.6528571428571,-0.133976961342103,-0.462494988295721,0.194541065611515,186.528571428571,"Male","Conditional"
18.6785714285714,-0.124682880310878,-0.46549509724556,0.216129336623804,186.785714285714,"Male","Conditional"
18.7042857142857,-0.11536990896903,-0.468533396309908,0.237793578371848,187.042857142857,"Male","Conditional"
18.73,-0.106047492471868,-0.47160510532981,0.259510120386074,187.3,"Male","Conditional"
